[{"name": "说 唱 教 母", "rating": "2958251", "play": "261.4", "comments": "4869"}, {"name": "【高能生草】 清 杰 工", "rating": "1745025", "play": "87.1", "comments": "4093"}, {"name": "❄ 蜜 雪 冰 城 官 方 诱 捕 器 ❄", "rating": "1445674", "play": "168.9", "comments": "5631"}, {"name": "废 话 连 篇", "rating": "1311087", "play": "107.2", "comments": "4581"}, {"name": "哒~哒哒哒~哒~kira！(・ω&lt; )★", "rating": "1062998", "play": "41.7", "comments": "629"}, {"name": "Ring♂Ring♂Ring", "rating": "567941", "play": "22", "comments": "730"}, {"name": "三句话，让你学会玩潘森", "rating": "529680", "play": "58.6", "comments": "232"}, {"name": "三句话让男人听了我三句话", "rating": "443776", "play": "93.7", "comments": "458"}, {"name": "18万句话，让男人花了三块钱", "rating": "436708", "play": "61.1", "comments": "462"}, {"name": "乘法口诀♂表", "rating": "382080", "play": "26.4", "comments": "473"}, {"name": "《包  养》", "rating": "376214", "play": "24.8", "comments": "292"}, {"name": "人类高质量男性成功求偶大8岁的女讲师", "rating": "344232", "play": "33.3", "comments": "551"}, {"name": "《提 瓦 特 探 案 Ⅲ》----蒙德大战璃月", "rating": "313808", "play": "15.9", "comments": "504"}, {"name": "清 帝 退 位 诏 书", "rating": "304810", "play": "18.2", "comments": "888"}, {"name": "小伙为了顺利毕业，终于肝出史上最骚葫芦娃", "rating": "297304", "play": "52.9", "comments": "685"}, {"name": "【罗翔】⚡被判105年的张三⚡", "rating": "292672", "play": "29.7", "comments": "630"}, {"name": "精 神 失 常", "rating": "287831", "play": "26.9", "comments": "413"}, {"name": "二 周 目 邪 道 玩 家", "rating": "287490", "play": "22.5", "comments": "90"}, {"name": "闹鬼大酒店 (一)", "rating": "261391", "play": "21.1", "comments": "299"}, {"name": "三句话教你假装地球人", "rating": "247074", "play": "16.6", "comments": "174"}, {"name": "敢 杀 我 的 马？！", "rating": "242723", "play": "31.8", "comments": "844"}, {"name": "【熊出没】蜜雪冰城", "rating": "236247", "play": "27.4", "comments": "384"}, {"name": "【张大仙】谁说女子不如男", "rating": "225652", "play": "12.8", "comments": "334"}, {"name": "⚡⚡两面包夹芝士⚡⚡", "rating": "222599", "play": "28.8", "comments": "398"}, {"name": "【特效向】《新概念游戏》", "rating": "215629", "play": "14", "comments": "392"}, {"name": "【鬼畜没】建议改成：数 学 天 才", "rating": "206430", "play": "11.4", "comments": "918"}, {"name": "《父母爱情》 领衔主演：铁山靠 安妮 友情客串：田斌", "rating": "198528", "play": "13.6", "comments": "200"}, {"name": "欧西给为什么是神？", "rating": "182694", "play": "10", "comments": "151"}, {"name": "五十音♂图", "rating": "180145", "play": "7.5", "comments": "123"}, {"name": "使命在战地召唤", "rating": "179914", "play": "18.2", "comments": "596"}, {"name": "神 里 为 何 魅 惑 我", "rating": "175435", "play": "8.3", "comments": "94"}, {"name": "【豪俊金曲】回 臭 家", "rating": "164978", "play": "9.6", "comments": "136"}, {"name": "【亚索】热爱0/21的你", "rating": "164940", "play": "17.1", "comments": "214"}, {"name": "次♂北固山下", "rating": "159860", "play": "8.1", "comments": "149"}, {"name": "【大司马rap】成 语 接 轮 ！", "rating": "156512", "play": "17.8", "comments": "149"}, {"name": "👍大 佐 答 题 王👅", "rating": "154583", "play": "13", "comments": "102"}, {"name": "【罗翔】童话镇", "rating": "154368", "play": "13.7", "comments": "239"}, {"name": "水调♂歌头", "rating": "150729", "play": "14.3", "comments": "386"}, {"name": "【鬼畜】蜜 雪 鲤 鱼", "rating": "147148", "play": "12", "comments": "147"}, {"name": "⚠️阴 间 蜜 雪 冰 城⚠️", "rating": "137736", "play": "22.2", "comments": "929"}, {"name": "【查理苏】个人单曲首发：千里寻妻！（光与夜之恋）", "rating": "136719", "play": "10.8", "comments": "363"}, {"name": "图 灵 测 试", "rating": "135259", "play": "6.5", "comments": "283"}, {"name": "【明日方舟】博士不要啊！", "rating": "127061", "play": "8.2", "comments": "30"}, {"name": "【明日方舟×游屑王】对蜜蜡姐妹产生兴趣的决斗者们", "rating": "124291", "play": "4.9", "comments": "121"}, {"name": "图 灵 测 试", "rating": "124233", "play": "16.6", "comments": "155"}, {"name": "熊出没删减片段：牛马光头强", "rating": "122711", "play": "19.3", "comments": "340"}, {"name": "【全明星】-Butter-Fly。（完了DNA动了）", "rating": "120169", "play": "14.1", "comments": "272"}, {"name": "改 邪 归 正 的 杰 哥", "rating": "119768", "play": "8", "comments": "143"}, {"name": "精通欧拉的女拳师", "rating": "119637", "play": "6.9", "comments": "85"}, {"name": "⚡杰哥家的龙女仆⚡", "rating": "118782", "play": "10.6", "comments": "363"}, {"name": "【杨永信】10005伏电压的热爱（音源配布）", "rating": "114026", "play": "6.4", "comments": "155"}, {"name": "【爆笑广告RAP】这广告比电视还好看？", "rating": "112626", "play": "15.9", "comments": "103"}, {"name": "才 女 对 决", "rating": "112437", "play": "19", "comments": "194"}, {"name": "鹿哥喜提标准差事", "rating": "111510", "play": "15.6", "comments": "310"}, {"name": "海 军 小 纵 队 5", "rating": "108342", "play": "5.5", "comments": "335"}, {"name": "❄️  蜜  雪  回  战  ❄️", "rating": "107255", "play": "4.5", "comments": "292"}, {"name": "【派大星的独白】一个关于正常人的故事", "rating": "100188", "play": "11.6", "comments": "295"}, {"name": "攀  比", "rating": "98092", "play": "17", "comments": "70"}, {"name": "服 务 态 度 恶 劣", "rating": "97929", "play": "15.7", "comments": "133"}, {"name": "《熊畜没》  “意大利炮”", "rating": "97305", "play": "17.5", "comments": "791"}, {"name": "傲世群萌", "rating": "96536", "play": "3", "comments": "101"}, {"name": "【华农兄弟】不分手的恋爱，汪苏泷？刘苏良！", "rating": "96239", "play": "11.8", "comments": "59"}, {"name": "【植物椿】椿宝  一款内置椿老湿语音包的人工智障", "rating": "96144", "play": "6.3", "comments": "219"}, {"name": "张伟辩护，死刑起步", "rating": "95179", "play": "11.5", "comments": "150"}, {"name": "【电棍×金贡】寄×Gee", "rating": "94720", "play": "6.2", "comments": "86"}, {"name": "热爱105°的........融化了。", "rating": "93096", "play": "14.2", "comments": "293"}, {"name": "💋我 喜 欢 接 吻💋", "rating": "90808", "play": "13.6", "comments": "596"}, {"name": "你甚至不愿点一杯柠檬茶", "rating": "89937", "play": "11", "comments": "164"}, {"name": "第一届Asoul跨栏比赛", "rating": "88727", "play": "5.1", "comments": "45"}, {"name": "【鬼畜RAP】所 以 怎 么 定 点 尿 尿 （这个姑娘怎么这么可爱啊！）", "rating": "87161", "play": "12.2", "comments": "116"}, {"name": "⚡️蚊子超度服务⚡️", "rating": "85416", "play": "11.1", "comments": "171"}, {"name": "【康熙说唱王朝】部落到帝国·怒斥群臣", "rating": "85352", "play": "12.8", "comments": "125"}, {"name": "【春晚鬼畜】赵本山：我就是念诗之王！【改革春风吹满地】", "rating": "85269", "play": "11", "comments": "507"}, {"name": "五 等 分 的 合 葬", "rating": "83794", "play": "10.6", "comments": "93"}, {"name": "鹿哥喜提蜜雪冰城一杯", "rating": "82316", "play": "12", "comments": "337"}, {"name": "⚡彬彬和阿伟相比⚡", "rating": "81671", "play": "8.8", "comments": "155"}, {"name": "全明星鬼畜派对", "rating": "81222", "play": "5.5", "comments": "56"}, {"name": "【卢本伟】热爱105℃的你，前方高能", "rating": "80647", "play": "9.3", "comments": "583"}, {"name": "【前方高能】菲律宾0分跳水，每天一遍，开开心心！", "rating": "80239", "play": "14.6", "comments": "177"}, {"name": "【天弃之子】第二集：与周姐の再次相遇", "rating": "79135", "play": "3.3", "comments": "405"}, {"name": "歌 王 对 决", "rating": "78716", "play": "14.5", "comments": "113"}, {"name": "【熊出没鬼畜】超  级  武  器:闪击熊凤山", "rating": "78245", "play": "17.4", "comments": "22"}, {"name": "【时光代理人】陆   光   巴   卡", "rating": "78237", "play": "6.7", "comments": "137"}, {"name": "电棍：霓虹甜心", "rating": "76352", "play": "2.6", "comments": "309"}, {"name": "【卢宝】内置nb语音包，一款真正人性化的智能语音", "rating": "73574", "play": "4", "comments": "346"}, {"name": "Cheems逆转未来（二）", "rating": "73403", "play": "3.9", "comments": "548"}, {"name": "三句话，让你学会玩亚索", "rating": "73270", "play": "11.7", "comments": "62"}, {"name": "使命怎么又在召唤", "rating": "71551", "play": "8.5", "comments": "440"}, {"name": "⚡山 东 菏 泽 曹 县⚡", "rating": "70319", "play": "11", "comments": "183"}, {"name": "【罗翔】非自然死亡-Lemon", "rating": "70058", "play": "6.8", "comments": "160"}, {"name": "神仙打架11", "rating": "69924", "play": "14.6", "comments": "5"}, {"name": "⚡️蜜 雪 之 刃⚡️", "rating": "69543", "play": "7.9", "comments": "1021"}, {"name": "成 人 修 炼 手 册", "rating": "68222", "play": "6.9", "comments": "148"}, {"name": "三首歌，让你学会打屁股肉", "rating": "65940", "play": "3.4", "comments": "94"}, {"name": "心机怪单曲《心疼哥哥》 全新版本", "rating": "64684", "play": "7.6", "comments": "181"}, {"name": "【Friday Night Funkin】♂Dadbattle♂【dh72】", "rating": "63398", "play": "3", "comments": "51"}, {"name": "八 年 前 的 游 戏 理 解", "rating": "61827", "play": "9.5", "comments": "50"}, {"name": "【川普】我走了以后，你们会想我的【演奏鬼才Ziikos】", "rating": "61244", "play": "2.2", "comments": "57"}, {"name": "高 压 锅 说 唱", "rating": "61084", "play": "8.7", "comments": "71"}, {"name": "热 爱 105 度 水 猴 子", "rating": "60149", "play": "6.9", "comments": "95"}]