[{"name": "警犬上班偷懒，被人围观，孩子委屈哭了", "rating": "1250097", "play": "165.7", "comments": "722"}, {"name": "没有二哈的命，得了二哈的病，我知道你们被丢弃的原因了", "rating": "1155537", "play": "73.6", "comments": "3553"}, {"name": "顶 级 拉 扯 技 能 互 骗", "rating": "943835", "play": "98.2", "comments": "404"}, {"name": "两  猫  大  战， 结  尾  超  燃 ！", "rating": "817209", "play": "46.8", "comments": "909"}, {"name": "开猫咖？想想就算了吧", "rating": "745427", "play": "42", "comments": "806"}, {"name": "无脸羊的报复心有多强", "rating": "741413", "play": "104", "comments": "260"}, {"name": "龙女仆的叫声你听过吗？", "rating": "735031", "play": "102.7", "comments": "2799"}, {"name": "如何在与猫咪相处中占据主导地位", "rating": "649923", "play": "83.9", "comments": "54"}, {"name": "主人假装被咬到了之后……水獭的反应也太可爱了！【小樱花和小年糕】", "rating": "648339", "play": "90.6", "comments": "835"}, {"name": "晒裤子晒出了一窝斑鸠", "rating": "622676", "play": "43.8", "comments": "771"}, {"name": "恋爱就是要看有颜色的", "rating": "618990", "play": "42.7", "comments": "329"}, {"name": "小300终于生了", "rating": "607896", "play": "36.8", "comments": "745"}, {"name": "“你看，这个世界好温柔~”", "rating": "570633", "play": "30.7", "comments": "44"}, {"name": "大狸花被困臭水沟，十几根猫条都骗不上来，亏大发了！", "rating": "533123", "play": "19.4", "comments": "1539"}, {"name": "Q弹的小屁屁", "rating": "497070", "play": "35.9", "comments": "88"}, {"name": "完蛋了小朋友生气了😂", "rating": "474650", "play": "31.7", "comments": "221"}, {"name": "小强在干燥环境中能活下来吗？会不会直接变“干shi”？", "rating": "473361", "play": "88.6", "comments": "1588"}, {"name": "捡到了一只身价不菲的流浪猫", "rating": "472893", "play": "23.3", "comments": "89"}, {"name": "316只小龙虾养了7个月，今天来喂它们最后一餐", "rating": "466016", "play": "40.8", "comments": "780"}, {"name": "听说用牙刷刷小猫咪额头，会让它想起妈妈【尿尿是只猫】", "rating": "462315", "play": "29.2", "comments": "359"}, {"name": "这是不是你们想看的大脸猫视角?", "rating": "452119", "play": "32.7", "comments": "356"}, {"name": "猫：报告母星，发现人类的幼崽！潜在威胁值99％！|整蛊人类男性和猫", "rating": "417104", "play": "36.4", "comments": "752"}, {"name": "小狐狸第一次吃辣椒，这反应也太激烈了！！！", "rating": "395118", "play": "31.7", "comments": "1103"}, {"name": "本来是个愉快的下午", "rating": "387011", "play": "31.2", "comments": "142"}, {"name": "小姐姐手持“终极灭虫器”，一抓一个准！", "rating": "373176", "play": "58.6", "comments": "347"}, {"name": "我竟然在酒吧看到了自己的猫！", "rating": "371401", "play": "30.1", "comments": "43"}, {"name": "惊！隔壁阿姨送给我的狗狗一年后变成了这样", "rating": "370596", "play": "30.9", "comments": "385"}, {"name": "猫猫的工作不是学会尊重主人，而是负责可爱哦", "rating": "344085", "play": "20.2", "comments": "244"}, {"name": "《判 若 两 猫》", "rating": "331786", "play": "19.1", "comments": "593"}, {"name": "小猫咪占领了大金毛的狗窝！", "rating": "312138", "play": "22.1", "comments": "346"}, {"name": "这么怕水的小狗，我也是第一次见。。。", "rating": "307204", "play": "21.7", "comments": "369"}, {"name": "在棍子上绑一块肉，让哈士奇拉船", "rating": "305867", "play": "31.6", "comments": "91"}, {"name": "主人带回来一只小奶狗，二哈会愿意照顾它吗？", "rating": "290722", "play": "21", "comments": "317"}, {"name": "洲际导弹再入大气层", "rating": "284903", "play": "43.2", "comments": "162"}, {"name": "小羊：怎么回事，今天是过年嘛！", "rating": "282262", "play": "16.7", "comments": "684"}, {"name": "大、大、大无语事件又发生了…以后再也不怕千岁岁隐身了！", "rating": "278618", "play": "24.1", "comments": "64"}, {"name": "妈妈的好大儿（假老佛爷）", "rating": "271700", "play": "16.5", "comments": "552"}, {"name": "噶蛋组合", "rating": "266011", "play": "41.5", "comments": "151"}, {"name": "没有一口猫粮是白吃的", "rating": "263232", "play": "18", "comments": "75"}, {"name": "非洲牛蛙 vs 放屁虫，非牛竟然被干的直接喷尿！", "rating": "262868", "play": "26.3", "comments": "1482"}, {"name": "捡来的流浪猫被欺负惨了，幸亏小德牧出手相救，狗子给猫当保镖了", "rating": "253484", "play": "47.4", "comments": "740"}, {"name": "【科普】猫咪为什么每天叫你起床？", "rating": "251839", "play": "26", "comments": "59"}, {"name": "我救助了一只看不见的流浪小猫以后…..", "rating": "244884", "play": "26.2", "comments": "366"}, {"name": "谭sir：我终于理解纣王了", "rating": "240384", "play": "10.8", "comments": "715"}, {"name": "小猫咪疑似在宿舍被孤立了，都没人和它玩", "rating": "230909", "play": "23.9", "comments": "70"}, {"name": "阳光下的小猫咪真的是太太太可了！", "rating": "228570", "play": "10.6", "comments": "138"}, {"name": "小黄是个熊孩子", "rating": "223944", "play": "15", "comments": "415"}, {"name": "狗狗最后被原谅的表情太可爱了", "rating": "223082", "play": "13.3", "comments": "75"}, {"name": "不知道为什么有这么多人想竞拍我们巴万", "rating": "220495", "play": "18.6", "comments": "88"}, {"name": "合起伙来吓我是哇？！", "rating": "218477", "play": "23.5", "comments": "10"}, {"name": "这段视频告诉你，警犬考试有多严格！", "rating": "215871", "play": "27.8", "comments": "551"}, {"name": "荷兰猪心情不好，趴在沙发上不动了", "rating": "213864", "play": "16.4", "comments": "111"}, {"name": "“动物猎杀时刻大赏”", "rating": "211176", "play": "20.7", "comments": "61"}, {"name": "侄子说他活得还不如一只猫....", "rating": "210737", "play": "18.1", "comments": "9"}, {"name": "猫：这种傻逼为什么会让我遇到？？？", "rating": "209556", "play": "17.5", "comments": "178"}, {"name": "啊这…原来我上辈子不是人？？", "rating": "205612", "play": "10.1", "comments": "465"}, {"name": "关于今年欧洲杯冠军归属这件事，动物们似乎达成了一致", "rating": "204726", "play": "14.6", "comments": "203"}, {"name": "我家狗脑袋又又又撞门了…隔壁大金毛原地看呆🤯", "rating": "204235", "play": "16.9", "comments": "42"}, {"name": "有的时候智商太高也不是一件好事！", "rating": "202934", "play": "18.8", "comments": "30"}, {"name": "【不看后悔的绝赞巨蟒】一起探店日本最大型蛇咖！", "rating": "201034", "play": "12.3", "comments": "658"}, {"name": "被猫带大的娃～现在到点就自己跟猫去睡了，都不用我哄～", "rating": "199018", "play": "25.1", "comments": "24"}, {"name": "别  骂  我！！！", "rating": "198862", "play": "12.5", "comments": "151"}, {"name": "用猫薄荷给狗狗洗澡会发生什么呢？", "rating": "196956", "play": "33", "comments": "28"}, {"name": "超委屈！小奶猫因翻垃圾桶，被主人骂，还被洗了...", "rating": "196752", "play": "14.6", "comments": "168"}, {"name": "流浪狗被坏人绑住嘴巴，无法进食饿得骨瘦如柴，如果不爱请别伤害", "rating": "195839", "play": "38.8", "comments": "408"}, {"name": "【SuriNoel】猫咪和蚊帐无法共存的理由", "rating": "195628", "play": "17.4", "comments": "229"}, {"name": "在我面前，大狮子也像小猫一样爱撒娇", "rating": "195109", "play": "7.8", "comments": "533"}, {"name": "我终于也是个艺术家了...看上我们作品的请随时跟我联系。", "rating": "191523", "play": "16.7", "comments": "76"}, {"name": "日本梅花鹿泛滥，人鹿矛盾不断激化，400万只梅花鹿该如何处理？", "rating": "191450", "play": "24.2", "comments": "514"}, {"name": "7月10日，河北秦皇岛。太气人！女子景区内为哄娃硬拽下孔雀一根羽毛，孔雀明显受到惊吓。你怎么看？", "rating": "189935", "play": "16.9", "comments": "313"}, {"name": "一只小鸟钻进罐子，被抓到后开口喊救命", "rating": "189152", "play": "10.9", "comments": "1759"}, {"name": "半岁的超可爱小奶狗来店里剪毛，眼神奶凶奶凶的，美容师好想买下它", "rating": "184203", "play": "14.3", "comments": "361"}, {"name": "《一只帅猫的相亲文案》", "rating": "183660", "play": "13.4", "comments": "92"}, {"name": "它不是不爱回窝睡，不是不知道冷暖，它只是想着它晚上还要护我们周全", "rating": "182477", "play": "9.8", "comments": "157"}, {"name": "可是他真的拉裤兜了", "rating": "180947", "play": "14.4", "comments": "37"}, {"name": "小贝：你怎么伸手就拿啊？", "rating": "180734", "play": "12.6", "comments": "69"}, {"name": "啥情况？一群喜鹊被卡在金属栅栏上", "rating": "173176", "play": "11.4", "comments": "171"}, {"name": "成精了成精了！居然会帮我找丢的东西！", "rating": "172298", "play": "10.3", "comments": "67"}, {"name": "小奶猫去医院，偷咬医生针筒，被抓住打了一针！", "rating": "169539", "play": "14.1", "comments": "139"}, {"name": "它骂我…", "rating": "167462", "play": "20.7", "comments": "42"}, {"name": "小水坑的春夏秋冬", "rating": "164997", "play": "27.2", "comments": "348"}, {"name": "当俄罗斯人看到旅美大熊猫丫丫的境遇 心痛愤怒：谁可以把他接到俄罗斯来我快哭了", "rating": "163921", "play": "10.4", "comments": "61"}, {"name": "100种最好听的鸟叫声大全，百鸟争鸣声声脆，最美声音在自然！", "rating": "162929", "play": "16", "comments": "939"}, {"name": "只有不勇敢的宝宝，没有越不了狱熊团子", "rating": "162408", "play": "13.3", "comments": "67"}, {"name": "该！！让你尿！", "rating": "162199", "play": "13.7", "comments": "6"}, {"name": "还是藏獒生性！！", "rating": "161810", "play": "10.2", "comments": "10"}, {"name": "好凶的大海参", "rating": "161496", "play": "11.9", "comments": "42"}, {"name": "我到底要买几个杯子", "rating": "161196", "play": "13.6", "comments": "17"}, {"name": "给马儿吃冰棍", "rating": "158304", "play": "27.9", "comments": "41"}, {"name": "⚡万类沙雕竞自由⚡", "rating": "157122", "play": "16.4", "comments": "244"}, {"name": "卷：吃你家一口猫粮是真费劲", "rating": "153582", "play": "22.4", "comments": "90"}, {"name": "在b站第一次获奖！", "rating": "153568", "play": "8.8", "comments": "91"}, {"name": "50公分的鳄鱼跑啦！就算把家里翻个底朝天，也要把你找出来", "rating": "152030", "play": "38.1", "comments": "13"}, {"name": "公司保安系统全面瘫痪！", "rating": "150475", "play": "18", "comments": "59"}, {"name": "嘴馋的代价，一只馋狗", "rating": "149388", "play": "13.6", "comments": "173"}, {"name": "一个平平无奇的逗猫视频", "rating": "146513", "play": "8.8", "comments": "88"}, {"name": "你见过这么淘气 又爱接话茬的小猫咪吗？", "rating": "146149", "play": "8.7", "comments": "132"}, {"name": "她那么饥饿却又那么高傲", "rating": "145966", "play": "8.4", "comments": "367"}, {"name": "小黑豹看到大暴雨：DNA动了！", "rating": "144783", "play": "10.4", "comments": "216"}, {"name": "今天就是不让摸，几块钱都不让摸🌝", "rating": "143605", "play": "10.8", "comments": "54"}]