[{"name": "花一百小时把十五斤大龟壳做成龟苓膏！一口下去直接翻白眼！", "rating": "2092532", "play": "207.8", "comments": "8460"}, {"name": "肉馅超多，皮脆喷汁~成本3元一个的超大馅饼秘方免费送！好耶~", "rating": "1582465", "play": "103.3", "comments": "4183"}, {"name": "英国疫情再次爆发 只能在家里做个馅儿饼吃", "rating": "1406785", "play": "105.8", "comments": "1.3万"}, {"name": "80斤鲟龙鱼抽出2米龙筋！传说中皇帝才能吃！！", "rating": "1330845", "play": "127.3", "comments": "5817"}, {"name": "河南“肉量爆多”的羊杂汤，最贵30元一碗全是肉，老食客30多年只见回头回头再回头", "rating": "975287", "play": "83.9", "comments": "2451"}, {"name": "两盒招牌拌饭鱼罐头，拌一锅红肠焖饭，吃撑了", "rating": "954257", "play": "85.2", "comments": "1.2万"}, {"name": "自己放的蒜哭着也要吃完！", "rating": "880236", "play": "89.8", "comments": "1054"}, {"name": "厨师长教你：“海带烧猪皮”的家常做法，口味清淡，软糯鲜美", "rating": "877512", "play": "62.5", "comments": "2330"}, {"name": "3个人花229吃武汉夜市炸串，鸡爪蟹钳辣到哭，连喝2大杯冰饮！", "rating": "791385", "play": "64.1", "comments": "3690"}, {"name": "外甥女带我寻找童年回忆，被美女粉丝夸好帅，我突然自信了", "rating": "779275", "play": "49.5", "comments": "6171"}, {"name": "一个胡建粉丝，让我给英国公婆做煲仔饭……", "rating": "777950", "play": "68.5", "comments": "3579"}, {"name": "当法国人挑战中国白酒...不说了白酒yyds", "rating": "769610", "play": "63.7", "comments": "133"}, {"name": "怒花三万，只为测出两块的烤肠里究竟有什么【老爸评测】", "rating": "759473", "play": "130.6", "comments": "1443"}, {"name": "胖龙178网购一盒鲱鱼罐头，一鱼三吃，越吃越上头", "rating": "743691", "play": "46.3", "comments": "4746"}, {"name": "立体糖画螳螂，文明观看，请勿卧槽！！！", "rating": "706311", "play": "126.6", "comments": "2967"}, {"name": "有我这样的室友，你一顿能吃几碗卤肉饭？", "rating": "694543", "play": "61.9", "comments": "160"}, {"name": "客人拿来两包方便面，大厨一顿神操作，引来兄弟们阵阵掌声", "rating": "689490", "play": "112.1", "comments": "1074"}, {"name": "娃娃鱼原来是这样养殖的？一斤卖到80元，味道真有那么好吃吗？", "rating": "681649", "play": "41.5", "comments": "2741"}, {"name": "深夜便利店干饭，小哥三句话就薅了我的羊毛！无广试吃员/美食探店", "rating": "663083", "play": "42.5", "comments": "3668"}, {"name": "【翻车大赏】治愈系美食视频—背后的故事~", "rating": "659636", "play": "127.7", "comments": "866"}, {"name": "这一个要卖50块钱真的值吗！？", "rating": "632731", "play": "41.4", "comments": "363"}, {"name": "大庆赶海，退潮后沙滩上搁浅一片透明的小球球，里面全是泥螺宝宝", "rating": "608540", "play": "37.8", "comments": "3004"}, {"name": "老板娘又被大哥套路了，花一盘儿菜的钱吃了两盘，这样饭店还能赚钱吗？", "rating": "581140", "play": "57.1", "comments": "918"}, {"name": "【小高姐】咖喱角", "rating": "575569", "play": "34.1", "comments": "1670"}, {"name": "大齐赶海，发现这样的洞一定要回首掏一下，里面会有很大的皮皮虾", "rating": "558094", "play": "48.8", "comments": "2346"}, {"name": "老牌游戏主播竟也是厨房大厨！【驴酱的生活日常#6】", "rating": "534828", "play": "18.5", "comments": "3949"}, {"name": "无限烧肉大满贯！脆口爆汁肉香浓｜成都美味探店", "rating": "507220", "play": "31.7", "comments": "2259"}, {"name": "局气 厨子探店 ¥822", "rating": "488153", "play": "45.5", "comments": "699"}, {"name": "不爱吃早餐的原因只是没人给做罢了！", "rating": "479482", "play": "35.1", "comments": "125"}, {"name": "土豆泥黑椒牛肉芝士饼，外脆内爆浆，好吃到炸裂！", "rating": "478739", "play": "20", "comments": "106"}, {"name": "斥巨资买了个方形西瓜！居然还有双色西瓜！", "rating": "465756", "play": "34.6", "comments": "2195"}, {"name": "陕北二后生做猪肉大烩菜，满满一锅，70岁老人直说没吃过这么好饭", "rating": "460567", "play": "102.9", "comments": "944"}, {"name": "好家伙！这柠檬茶竟然开了花？！", "rating": "459291", "play": "20.6", "comments": "1547"}, {"name": "笑死！根 本 吃 不 完！！！5斤土豆可以做6包薯片！", "rating": "459268", "play": "48.2", "comments": "327"}, {"name": "相扑餐一般人还真吃不了！", "rating": "458628", "play": "51.7", "comments": "135"}, {"name": "鸡蛋饼的正确打开方式", "rating": "455933", "play": "50.1", "comments": "76"}, {"name": "到底要多努力 才能接近苏芒老师的早餐标准", "rating": "454845", "play": "34.2", "comments": "5406"}, {"name": "1400公里探亲第二站，下馆子吃土家族合渣，点个菜真能无限吃", "rating": "447706", "play": "36.8", "comments": "1703"}, {"name": "黄瓜土豆拌豆芽，干净又卫生，多少带点臭！", "rating": "433458", "play": "40", "comments": "579"}, {"name": "请朋友吃我做的饭，被问：“这是屎吗？”", "rating": "426342", "play": "25.4", "comments": "3992"}, {"name": "屋后是一片无人问津的南瓜地，教徒弟摘南瓜尖回家炒鸡蛋，侯哥第一次吃才知道这东西这么下饭", "rating": "419705", "play": "26", "comments": "5412"}, {"name": "如果有无限供应的烧鸟店,今晚你几点回家？", "rating": "415152", "play": "41.8", "comments": "296"}, {"name": "夏天来了，该如何识别劣质的雪糕？", "rating": "410784", "play": "63.2", "comments": "129"}, {"name": "挑战日本500克汉堡！后面人都坏了", "rating": "406920", "play": "21.8", "comments": "1708"}, {"name": "教你3种超简单冰淇淋做法，看完你想翻车都很难", "rating": "406174", "play": "33.4", "comments": "103"}, {"name": "哇塞！超详细教程【煎牛排的秘诀】不同厚度的牛排怎么煎？一次教会你！", "rating": "400781", "play": "31.9", "comments": "41"}, {"name": "听见啦！你们都开始催我捡菌子了。", "rating": "393761", "play": "22.2", "comments": "2278"}, {"name": "朋友家食物泛滥，漠叔赶去帮忙，大家心里都乐开了花儿", "rating": "387834", "play": "33.4", "comments": "1898"}, {"name": "大爷新学的陕西名小吃，直接给大娘劝退了", "rating": "381128", "play": "25.5", "comments": "1257"}, {"name": "同行：这就是完美的伤心凉粉吗？", "rating": "374667", "play": "51.6", "comments": "671"}, {"name": "400买一张牛皮，阿米做“酱香牛皮”软糯Q弹，用了一天时间也值了", "rating": "371019", "play": "29.4", "comments": "659"}, {"name": "用5毛钱实现冰粉自由！", "rating": "357031", "play": "55.6", "comments": "42"}, {"name": "林先生说他一次又一次的减肥的减肥计划都被我的饭菜打败了～好苦恼！", "rating": "350165", "play": "56.4", "comments": "97"}, {"name": "麻辣龙虾尾？拿来吧你！", "rating": "346354", "play": "20.3", "comments": "1633"}, {"name": "这鲜美的螃蟹，腿毛比我都长！", "rating": "340597", "play": "22.2", "comments": "723"}, {"name": "解压！快速切水果技巧", "rating": "328267", "play": "31.8", "comments": "594"}, {"name": "神秘的果汁配方！快来尝尝！", "rating": "321652", "play": "25", "comments": "2200"}, {"name": "下班了，爱好健身的大将秀肌肉，没有菜单，不能点菜的日本料理店你们见过吗", "rating": "312392", "play": "25.2", "comments": "983"}, {"name": "真想让你们尝尝这个饼！土豆泥芝士鸡蛋饼，口感丰富巨好吃！搭配鸡蛋小汉堡", "rating": "304698", "play": "13", "comments": "257"}, {"name": "龙口今榴莲，一刀下去，审核直接跪了！", "rating": "303740", "play": "62.7", "comments": "314"}, {"name": "当河南人在外地遇到老乡", "rating": "298161", "play": "52.6", "comments": "66"}, {"name": "急流溪水滩，寻钓最鲜美的鱼，阳光夏日捕获美食美景。", "rating": "288806", "play": "16.5", "comments": "3808"}, {"name": "老师傅教你做什锦菜团子，5种蔬菜揉一起，薄薄一层皮掰开全是馅", "rating": "280543", "play": "13.2", "comments": "638"}, {"name": "鲜虾不要老是白灼，试试这样做，肉质鲜美，做法简单", "rating": "280529", "play": "23.5", "comments": "65"}, {"name": "奶茶店老板娘再次公开一款【仙草冻奶茶】", "rating": "276839", "play": "13.2", "comments": "461"}, {"name": "挑战世界最辣酸辣粉，吃完差点人没了！", "rating": "276733", "play": "24.9", "comments": "745"}, {"name": "花24小时，复刻宫廷名菜灯影牛肉，薄如宣纸又透光。", "rating": "275821", "play": "14.8", "comments": "866"}, {"name": "风味浓郁巨开胃、聚会不失手，米饭面食面包请准备起｜奶油炖鸡｜Jrake｜", "rating": "274791", "play": "10.2", "comments": "73"}, {"name": "桑格利亚（Sangria Wine）适合夏天饮用，芳香沁脾，清爽宜人。", "rating": "274334", "play": "16", "comments": "326"}, {"name": "第一次见这种烤肉，米饭可以多+两碗", "rating": "274256", "play": "24", "comments": "157"}, {"name": "我用法棍做成了面包店每次必买的奶香片，还因长得像萧亚轩的牛联系到…", "rating": "271315", "play": "20.2", "comments": "97"}, {"name": "️这才是真正的减肥汉堡❗️全网最详细的低卡汉堡制作教程", "rating": "266244", "play": "10.4", "comments": "106"}, {"name": "《这个千层面明明超强却过分沙雕》", "rating": "264554", "play": "12.8", "comments": "341"}, {"name": "漂亮粉丝请我吃烧烤，一晚吃两顿我受宠若惊！", "rating": "257209", "play": "19.7", "comments": "778"}, {"name": "买20斤牛骨髓，大冬今天做“蒜蓉牛骨髓”，一口一个真香", "rating": "256272", "play": "19", "comments": "815"}, {"name": "368真能装满整整一簸箕！今天打卡西双版纳特色傣味菜，曼飞龙烤鸡比五个手掌还大！", "rating": "255956", "play": "18.9", "comments": "1172"}, {"name": "挑战试吃恶魔果实，这样的挑战就只能“薯”粉丝拥有啊！", "rating": "251066", "play": "38.9", "comments": "54"}, {"name": "拥有一个天天做宵夜的哥哥有多爽？？反正妹妹一个月是胖了10斤", "rating": "248601", "play": "33", "comments": "86"}, {"name": "第一次吃马肉刺身，男子吃了一口结果...", "rating": "235651", "play": "17.8", "comments": "711"}, {"name": "千元欧包啥味道？rosealba大测评，她家顾客都啥家庭啊？", "rating": "235440", "play": "24.2", "comments": "1363"}, {"name": "【辛评测er】脏脏小贝，喜欢甜食的靓仔靓女们可以试一下！", "rating": "234937", "play": "17.1", "comments": "623"}, {"name": "美国底层街头美食，响尾蛇香肠！！响尾蛇真的可以做成香肠吗？", "rating": "232044", "play": "21.5", "comments": "560"}, {"name": "全球唯一米其林料理 琥珀蚂蚁 复刻出来是什么味道", "rating": "231772", "play": "57.1", "comments": "160"}, {"name": "【烤五花肉】中式、韩式相结合，仅需一片，流连忘返！", "rating": "227248", "play": "15.5", "comments": "152"}, {"name": "【矢野浩二】日本人吃“外来入侵物种”？就是香！", "rating": "223144", "play": "22.7", "comments": "513"}, {"name": "史上最还原的蟹皇堡！！！痞老板都被海绵宝宝忽悠瘸了～", "rating": "222936", "play": "12.6", "comments": "445"}, {"name": "【烤冷面】摊主：祖传的秘方，竟被这小子破解了！？", "rating": "218716", "play": "11.1", "comments": "972"}, {"name": "做个适合夏天的小吃，红油钵钵鸡，和媳妇一人一盘撸串撸到爽", "rating": "217787", "play": "16.2", "comments": "673"}, {"name": "遍布贵州的10元火锅：“把锅底掀了，赶紧拌饭啊！”", "rating": "217444", "play": "28.7", "comments": "739"}, {"name": "连肯德基都来拜师？用蛋挞征服全世界！【怎么这么值ep19-玛嘉烈】", "rating": "216851", "play": "17.7", "comments": "824"}, {"name": "天妇罗不就是油炸食品吗？为啥卖这么贵？", "rating": "216053", "play": "18.1", "comments": "1950"}, {"name": "加班收租回来，家里只剩一碗隔夜饭，简单做个老干妈猪油蛋炒饭，简单又美味！好吃到舔盘！！", "rating": "215089", "play": "17.3", "comments": "400"}, {"name": "一天卖20000根的芝士爆浆热狗，制作大揭秘", "rating": "213565", "play": "21.9", "comments": "312"}, {"name": "万物皆可卷之【潮汕鱼卷】外酥内脆！", "rating": "209651", "play": "10.6", "comments": "526"}, {"name": "安徽大爷自创小吃2元卖，熟人1元也给喝，一声吆喝吃不吃都得掏钱", "rating": "209315", "play": "28.1", "comments": "1580"}, {"name": "万尾东兴澫尾海鲜市场，椒盐皮皮虾，辣炒象拔蚌，阿星领略京族文化海鲜市场", "rating": "206140", "play": "12.2", "comments": "2083"}, {"name": "公司自助餐，全是我爱吃的，好想拿着脸盆来打菜", "rating": "204759", "play": "17.3", "comments": "99"}, {"name": "山东阿姨卖良心面，1元一碗，坚持了22年因太便宜被顾客要求涨价", "rating": "204296", "play": "16.8", "comments": "444"}, {"name": "没有了原浆啤酒和烧烤怎能过好这个夏天？", "rating": "203337", "play": "9.5", "comments": "876"}, {"name": "西 瓜 蛋 糕", "rating": "193748", "play": "18.7", "comments": "177"}]