[{"name": "【罗汉鬼套路】LOL史上最骚回血套路  万物复苏！！！", "rating": "2199747", "play": "164.8", "comments": "3398"}, {"name": "双 雄2：八 国 服 大 佬 和 2600分 大 神 吵 起 来 了！", "rating": "1921259", "play": "82", "comments": "2.1万"}, {"name": "闪   电   侠！【BUG快乐阴人流#1】", "rating": "1822374", "play": "89.6", "comments": "7056"}, {"name": "辅场和职场有区别吗？没有区别！", "rating": "1550403", "play": "77.5", "comments": "1023"}, {"name": "《崩坏3》星火汇聚之时——同伴们的羁绊，汇聚成少女前行的力量", "rating": "1439805", "play": "55.6", "comments": "7600"}, {"name": "追  逐  大  赛", "rating": "1409809", "play": "64.6", "comments": "5686"}, {"name": "【STN快报第五季45】夭寿了，吸血鬼不吸血，改吃鸡了！（导演剪辑版）", "rating": "1262000", "play": "70.8", "comments": "8000"}, {"name": "哇！动物园有小熊猫了！！！！！！#7", "rating": "1239337", "play": "62.6", "comments": "6414"}, {"name": "你也许从来没有玩懂“大鱼吃小鱼”这款经典游戏！", "rating": "1221074", "play": "128.2", "comments": "3943"}, {"name": "女武神的来电丨真心寄语", "rating": "1208028", "play": "36.6", "comments": "8176"}, {"name": "《湖边》系列神作究竟讲了什么？深度剧情解析！", "rating": "1193127", "play": "59.6", "comments": "2890"}, {"name": "外国黑粉深夜给我发来奇怪软件，打开后我一宿没睡！", "rating": "1191166", "play": "105.2", "comments": "1万"}, {"name": "腾讯网易全认真了！国游决战之刻 原神竞品将批量来临！【膨胀说】", "rating": "1164562", "play": "89.7", "comments": "4102"}, {"name": "33年最经典童年游戏，竟隐藏着不为人知的结局！", "rating": "1157224", "play": "64.5", "comments": "4506"}, {"name": "如何住在一棵树里？附带教程（不是封面党）", "rating": "1143597", "play": "72.8", "comments": "597"}, {"name": "当年小学最火的抗日神游，终极结局到底是什么？？？（下）", "rating": "1070220", "play": "78.7", "comments": "2671"}, {"name": "徐老师讲故事：影哨-阿克尚  故事与彩蛋全解析", "rating": "1016510", "play": "52.3", "comments": "4506"}, {"name": "上单！最重要的是提高隐藏分！", "rating": "1015992", "play": "84.4", "comments": "1303"}, {"name": "当你能随机变幻成「任意生物」？！！", "rating": "996873", "play": "58.7", "comments": "4180"}, {"name": "高素质玩家", "rating": "992495", "play": "113.8", "comments": "3208"}, {"name": "肥猫天使？狗都不玩？来看看这一款真正的“神作”吧！", "rating": "964251", "play": "70.4", "comments": "4223"}, {"name": "你这设定集怎么往外渗水啊？", "rating": "932074", "play": "59.1", "comments": "2935"}, {"name": "这是一个“我爱你”出现过最多的视频", "rating": "920068", "play": "69.8", "comments": "787"}, {"name": "【全网首杀】三星队 JT8-3突袭 —— 由平凡铸就的奇迹", "rating": "909796", "play": "28", "comments": "2676"}, {"name": "当你每杀一只怪「背包物品就翻倍？！」", "rating": "887707", "play": "53.1", "comments": "3216"}, {"name": "她一直想带我去找雨妈", "rating": "874678", "play": "50.9", "comments": "4993"}, {"name": "他 太 懂 鹰 佐 了", "rating": "871084", "play": "56.7", "comments": "797"}, {"name": "《未定事件簿》「绯色盛典」活动PV：誓言之吻，绯色之约", "rating": "867858", "play": "20.7", "comments": "5641"}, {"name": "这游戏捏脸能捏章鱼哥", "rating": "857436", "play": "78.7", "comments": "955"}, {"name": "小  马  饱  莉", "rating": "823323", "play": "42", "comments": "2746"}, {"name": "【原神沙雕新闻】用新闻联播的方式吐槽原神2.0版本直播 #8", "rating": "806568", "play": "45.1", "comments": "3143"}, {"name": "当你能随意打开其他玩家的身体！", "rating": "806303", "play": "42.6", "comments": "5464"}, {"name": "让人脑洞大开的文字游戏！", "rating": "804514", "play": "35.7", "comments": "7889"}, {"name": "玩须佐佐助一定要装杯！", "rating": "803668", "play": "57.5", "comments": "4007"}, {"name": "抠 你 普 攻 键", "rating": "790769", "play": "71.2", "comments": "1738"}, {"name": "花玲老师bw现场教学哈老板——原神可莉模仿秀（不是20210711", "rating": "779894", "play": "56.8", "comments": "2798"}, {"name": "盗妻小魔仙", "rating": "777970", "play": "41.9", "comments": "1999"}, {"name": "亡  牌  对  亡  牌  对  亡  牌", "rating": "774674", "play": "53.4", "comments": "1719"}, {"name": "【明日方舟】积水潮窟挂机流，新剿灭摆完就过！精二31快乐讲解，轻松解放双手~|剿灭委托400杀", "rating": "771476", "play": "52.1", "comments": "671"}, {"name": "原神成人版", "rating": "764500", "play": "44.4", "comments": "751"}, {"name": "炉石传说：【天天素材库】 第255期", "rating": "755868", "play": "71.5", "comments": "3023"}, {"name": "“救救我...”《阴阳师》百相轮回先导PV（CV：花泽香菜）", "rating": "754442", "play": "46.9", "comments": "4641"}, {"name": "当我们每过30秒就会随机变成一种生物！", "rating": "750481", "play": "43", "comments": "6351"}, {"name": "《原神》2.0版本PV：「不动鸣神，泡影断灭」", "rating": "750018", "play": "85.8", "comments": "7295"}, {"name": "被玩过一亿次的4399小游戏，背后的故事竟如此催泪!!", "rating": "740460", "play": "47.1", "comments": "2142"}, {"name": "【赛事晚自习145】小虎为什么对线17秒就能压制TheShy？RNG vs IG春晚大战细节复盘", "rating": "740288", "play": "61.9", "comments": "3217"}, {"name": "迪卢克这个笑容由我来守护！", "rating": "737438", "play": "46.7", "comments": "1392"}, {"name": "【仅6人】全自动挂机，莽穿最简单剿灭积水潮窟", "rating": "719571", "play": "36.7", "comments": "1063"}, {"name": "【明日方舟】新剿灭“积水潮窟”单核平民攻略！阵容平民+低练度+语音详解的愉悦攻略！《明日方舟》|魔法Zc目录", "rating": "713045", "play": "40.7", "comments": "3683"}, {"name": "一个都不能少 1.17极限生存 第八集 Hypixel SMP", "rating": "710470", "play": "30.3", "comments": "4518"}, {"name": "【真人游戏王】超燃特效对战！", "rating": "705665", "play": "62.4", "comments": "1575"}, {"name": "司机...已经...习惯了...", "rating": "701570", "play": "59.2", "comments": "447"}, {"name": "（pjsk）抓着女朋友的小手打 夜に駆ける", "rating": "698885", "play": "52.2", "comments": "1736"}, {"name": "《红 毒 伞 伞》", "rating": "698766", "play": "43", "comments": "438"}, {"name": "神话诞生，我用了三年达成了全英雄7级成就牌！", "rating": "695336", "play": "54.7", "comments": "999"}, {"name": "【洛克王国大结局】圆梦！终于集齐童年的十大徽章！", "rating": "685435", "play": "38.7", "comments": "1094"}, {"name": "不当人打法，6分钟刷一万经济，教你轻松学会上王者", "rating": "670636", "play": "47.7", "comments": "1248"}, {"name": "求   求   你   做   个   人   吧！火影忍者秋风！", "rating": "667973", "play": "42.6", "comments": "1536"}, {"name": "【流浪大地的乐团】让风告诉你-四人全和弦终极豪华完整版", "rating": "651838", "play": "27.1", "comments": "1416"}, {"name": "【CSGO】通往S级的倒计时！", "rating": "628030", "play": "26.6", "comments": "2829"}, {"name": "【大仙全家桶】到底买不买乒乒小将？不要纠结，我带你全面对比卤蛋高级皮", "rating": "580980", "play": "42.8", "comments": "2883"}, {"name": "这才是国服关羽的伤害，刀锋所向万里颤！【高燃集锦27期】", "rating": "579135", "play": "37.5", "comments": "1320"}, {"name": "当五个回复能力极强的英雄聚在一起！五奶不死流诞生了", "rating": "576791", "play": "47.3", "comments": "852"}, {"name": "97年竟有如此高质量的动作游戏", "rating": "570744", "play": "28.6", "comments": "2799"}, {"name": "MC版本升级挑战：从我的世界1.0版开始生存，远古版MC太怪了！", "rating": "563781", "play": "48.7", "comments": "4461"}, {"name": "【LPL夏季赛】7月11日 饭堂周末夜", "rating": "560750", "play": "53.2", "comments": "1.5万"}, {"name": "我的世界,但是你可以自定义任何打火石!", "rating": "555952", "play": "47.6", "comments": "1470"}, {"name": "拥有大虫子大招的螳螂，在敌方3D视角下隐身是什么样的？", "rating": "551998", "play": "78.6", "comments": "219"}, {"name": "【电竞星快报】电竞春晚有销户，带你走出 I C U ！（第三季25期）", "rating": "533454", "play": "34", "comments": "3419"}, {"name": "这届狼，太难带了！【养殖场之星#13】", "rating": "533409", "play": "69.4", "comments": "150"}, {"name": "VI-1 至 VI-7 含突袭 【超低配】打法合集「如我所见」【明日方舟】", "rating": "529501", "play": "38.6", "comments": "1766"}, {"name": "老外：这个中国指挥官就该上军事法庭，这是碳基生物能想出来的战术吗？！", "rating": "524143", "play": "52.7", "comments": "365"}, {"name": "【杨颜】如何看懂明日方舟的游戏剧情#1 冻原星火", "rating": "523453", "play": "17.9", "comments": "629"}, {"name": "【原神熟肉】【国外二创】老外历时七个月制作出的原神小动画", "rating": "522859", "play": "22.6", "comments": "204"}, {"name": "《是一只鱼》什么？你说我没用？", "rating": "517126", "play": "37.6", "comments": "410"}, {"name": "植物大战僵尸：谁是植物里，最不起眼的最强输出？", "rating": "516953", "play": "89.6", "comments": "23"}, {"name": "韩服王者战神被单杀还补刀侮辱，团战斗殴发问号就这集锦", "rating": "509364", "play": "17.6", "comments": "2985"}, {"name": "一款看似幼稚可爱的像素宠物游戏，却深藏着成人都无法接受的阴间内容！", "rating": "503012", "play": "32.4", "comments": "3697"}, {"name": "卧槽这年轻人！！", "rating": "502463", "play": "44.7", "comments": "272"}, {"name": "这可能是有史以来最神仙的队友！", "rating": "499937", "play": "65.1", "comments": "186"}, {"name": "僵尸：这是谁干的好事！？", "rating": "492174", "play": "56", "comments": "1089"}, {"name": "【小狼XF】剿灭作战：积水潮窟415杀 单6星攻略/高配挂机打法/可以无6但没必要《明日方舟》", "rating": "492048", "play": "35.7", "comments": "1789"}, {"name": "【风笑试玩】培养动物小队斗智斗勇丨BeastRun 试玩", "rating": "490830", "play": "24.6", "comments": "4121"}, {"name": "这都不是反甲BUG！其实只是峡谷的冷知识而已", "rating": "483746", "play": "29.2", "comments": "745"}, {"name": "我单人通关了史上最折磨游戏！！", "rating": "482001", "play": "27", "comments": "1928"}, {"name": "【阴阳师】三句话，让我抽到了SP面灵气", "rating": "478555", "play": "21", "comments": "2076"}, {"name": "薇恩无墙晕人术：没有墙体也能晕人！心中有墙自然神！", "rating": "476720", "play": "50.5", "comments": "644"}, {"name": "最 强 の 白面具 教学", "rating": "473933", "play": "30.2", "comments": "571"}, {"name": "加 强 刻 晴（让子弹飞名场面整活）", "rating": "471302", "play": "36.8", "comments": "399"}, {"name": "粉丝的阴间操作让我飞天开纪", "rating": "469615", "play": "19.6", "comments": "924"}, {"name": "顾  客  就  是  上  帝   4", "rating": "465899", "play": "37.3", "comments": "1337"}, {"name": "【鸟人】原神1.0时代战斗体系总结，2.0时代展望，元素攻受论，刻晴与雷系根本定位分析", "rating": "459051", "play": "19.9", "comments": "2217"}, {"name": "小伙用“电脑软件”来下象棋  公园大爷直接崩溃了", "rating": "458085", "play": "48.6", "comments": "978"}, {"name": "7.5W人举报一诺关羽出装？呜呜", "rating": "456022", "play": "42", "comments": "47"}, {"name": "畸变一百天 真硬核生存p4", "rating": "452753", "play": "18.8", "comments": "2704"}, {"name": "你这个大是直接干到我家电饭煲里了呀！", "rating": "449257", "play": "37", "comments": "349"}, {"name": "姬子的最后一个电话，给我整破防了", "rating": "442519", "play": "19.8", "comments": "2106"}, {"name": "因为这个游戏 我跟我的亲友大打出手（不是）", "rating": "436934", "play": "50.5", "comments": "585"}, {"name": "小时候难以通关的打字游戏", "rating": "435384", "play": "33.3", "comments": "1200"}, {"name": "【原神/搬运】雷 电 玉 衡 星 将 军", "rating": "434605", "play": "35.3", "comments": "185"}]