[{"name": "【汪品先】百慕大三角的传说是真是假？水底气体涌出导致灾难？", "rating": "2053141", "play": "102.6", "comments": "3216"}, {"name": "从水猴子之父，到“狐主任”", "rating": "1615379", "play": "98.2", "comments": "9451"}, {"name": "逸语道破：滴滴，别忘了你是一家中国企业", "rating": "1525903", "play": "110.2", "comments": "1.5万"}, {"name": "【罗翔】“神医”做了一个违背祖宗的决定，是非法行医还是诈骗？", "rating": "1376187", "play": "57.6", "comments": "7451"}, {"name": "6个有毒的沙雕网站，进去就很难出来了，你把握得住吗？", "rating": "1225564", "play": "41.8", "comments": "1381"}, {"name": "让子弹飞开头隐藏的黑暗剧情！3分钟，点破权力的游戏【让学大师课】", "rating": "1162932", "play": "68.7", "comments": "1986"}, {"name": "这一个视频，会让你理解所有的电子设备是怎样工作的", "rating": "1105587", "play": "58.6", "comments": "4353"}, {"name": "【桃大】明星涉毒还能有复出的机会吗？", "rating": "999004", "play": "50.2", "comments": "1.9万"}, {"name": "备好纸巾｜惊艳！崛起的中国艺术｜靠艺术脱贫的山村｜", "rating": "871134", "play": "39.6", "comments": "1417"}, {"name": "5种裹脚陋习重演？对女性的迫害，什么时候才能休止？【洞察社会系列36】", "rating": "855656", "play": "50.4", "comments": "8224"}, {"name": "中国药业大逃杀3：决战新冠疫苗！五类疫苗全线并进，中国药业开启百团大战", "rating": "848055", "play": "46.6", "comments": "5831"}, {"name": "我 兄 弟 昨 天 被 雷 劈 了", "rating": "803957", "play": "50.1", "comments": "1693"}, {"name": "专访铁牛杰哥：杰哥黑化的背后，其实是导演的惊天阴谋？！", "rating": "791046", "play": "50.3", "comments": "3528"}, {"name": "世界上最复杂的翅膀！自然界的折纸大师！太空航天领域仿生设计原型。革翅目系列第三期", "rating": "767022", "play": "56.9", "comments": "1454"}, {"name": "【半佛】基金怕他不来，又怕他乱来", "rating": "738310", "play": "63.3", "comments": "1934"}, {"name": "B站最全【AE+PR+C4D教程300集】从零基础入门到精通，UP主呕心沥血5年整理！", "rating": "715246", "play": "12", "comments": "632"}, {"name": "如何直眉瞪眼走进中科院而不被叉出来？", "rating": "685711", "play": "50.6", "comments": "4832"}, {"name": "奶茶成本两块卖三十？谁要毁掉蜜雪冰城？揭露黑心奶茶骗局【牛顿】", "rating": "667621", "play": "79.9", "comments": "2004"}, {"name": "印度低种姓的人，为什么没把种姓制度推翻？【为什么历史24】", "rating": "638947", "play": "37.6", "comments": "2728"}, {"name": "【回顾】关于新冠疫苗，这是来自中国的答卷。", "rating": "622677", "play": "22.8", "comments": "3199"}, {"name": "老鹰活到40岁真的能重获30年新生吗？", "rating": "600609", "play": "49.1", "comments": "99"}, {"name": "【男生入】杀精谣言，究竟什么才是真正的杀精？ | 夹性芝士", "rating": "579884", "play": "33.2", "comments": "1847"}, {"name": "不可思议的金属“镓”，涂在可乐罐上一碰就碎，你知道原理吗？", "rating": "570663", "play": "88.7", "comments": "445"}, {"name": "印度富豪吃小孩事件，豪宅的排水沟全是小孩的尸体", "rating": "569702", "play": "80.8", "comments": "1321"}, {"name": "B站的朋友们好，我是卢麒元，很高兴来到这里", "rating": "567880", "play": "88.1", "comments": "942"}, {"name": "裸辞、换工作，社保怎么办？要转移吗？怎么转？手把手教你搞定，打工人必看！【深蓝保】", "rating": "517732", "play": "18.5", "comments": "404"}, {"name": "【邓肯】解读阴间歌曲《红嫁衣》背后细思极恐的故事！", "rating": "517616", "play": "35.3", "comments": "6136"}, {"name": "【觉醒年代】里面一定有你听过的名字，也有你懂的故事。", "rating": "512994", "play": "45.8", "comments": "1608"}, {"name": "【懂点儿啥】台湾地区防疫，为何会搞成这副样子？", "rating": "509257", "play": "38.6", "comments": "6975"}, {"name": "110万员工的公司覆灭记，告诉你国家才是企业最坚实的后盾【曹小灵】", "rating": "481168", "play": "26.3", "comments": "2062"}, {"name": "听说中国宣布了一项雄心勃勃的宇宙计划，于是我开始调查……", "rating": "458578", "play": "26.3", "comments": "2994"}, {"name": "很多考研人靠这个视频续命", "rating": "450104", "play": "18.9", "comments": "597"}, {"name": "国潮崛起的秘密：李宁、安踏们做对了什么？", "rating": "444877", "play": "31.5", "comments": "2161"}, {"name": "射击冠军居然近视？游泳运动员却不会游泳？奥运会中最难相信的事", "rating": "439472", "play": "35.8", "comments": "209"}, {"name": "小龙虾、龙虾、蝲蛄有什么区别？", "rating": "419160", "play": "61.7", "comments": "218"}, {"name": "世界上最温情的瞬间", "rating": "418358", "play": "85", "comments": "81"}, {"name": "两家外卖平台销量第一的炸鸡店，华莱士、韩式炸鸡有多脏？", "rating": "383441", "play": "56.8", "comments": "1834"}, {"name": "不会安慰人？教你如何最快速有效地安慰朋友", "rating": "381068", "play": "15.8", "comments": "1865"}, {"name": "招魂原型沃伦夫妇，真实生活毁三观", "rating": "378995", "play": "20.1", "comments": "2640"}, {"name": "细节拉满！爆肝2000小时，我把中华百年做成了一本书", "rating": "378242", "play": "33.8", "comments": "846"}, {"name": "100年来，中国做了什么？——以地理的视角", "rating": "377453", "play": "26.3", "comments": "1482"}, {"name": "对不起…我就是不想合群！", "rating": "365982", "play": "18", "comments": "2454"}, {"name": "【金鱼】“这对母女失去的是生命，而他失去的可是青春呀!”美国三观炸裂的事件", "rating": "364471", "play": "20.3", "comments": "4369"}, {"name": "你的健康不只掌握在你手里，还有它们", "rating": "361828", "play": "19.2", "comments": "1394"}, {"name": "考试故意考“0分”，写8千字怒批高考的蒋多多，如今怎么样了？", "rating": "357987", "play": "54", "comments": "724"}, {"name": "“把你老婆p掉，你不会生气吧？”学霸情侣的神仙爱情 透明课本02", "rating": "353694", "play": "74.7", "comments": "1308"}, {"name": "是什么导致了1亿人死亡？人类最残酷的战争发生在中国，《投名状》展开讲讲", "rating": "351666", "play": "27.7", "comments": "4297"}, {"name": "山海经羽人和不死民：1983年那些远古的故事被从一座古墓中挖出来", "rating": "349018", "play": "20.2", "comments": "2859"}, {"name": "小孩高烧40度 我刚好喝了八斤白酒 赶紧开车送去医院 构成犯罪吗？", "rating": "345044", "play": "26.6", "comments": "720"}, {"name": "曾经身价比肩李嘉诚，却捐出300多所学校，把自己捐成穷人的富豪田家炳，他和张桂梅一样值得我们铭记", "rating": "330970", "play": "23.4", "comments": "1274"}, {"name": "【黄鸭兄】小时候的“听话、懂事”其实不是人格成长（谈教育1）", "rating": "330340", "play": "12.5", "comments": "1079"}, {"name": "【未成年人慎入】椰树椰汁为什么能火30年？成为与茅台齐名的国宴饮品？【阿Test正经比比】", "rating": "329277", "play": "23.8", "comments": "2515"}, {"name": "【假期必看】学生党必刷的10部纪录片，提升人文素养，刷新你的世界观！", "rating": "324204", "play": "9.6", "comments": "147"}, {"name": "这10家英文外刊就是你与高手的差距", "rating": "309530", "play": "18.2", "comments": "68"}, {"name": "儿时爱吃的雪糕背后竟还有这些故事", "rating": "305577", "play": "14.1", "comments": "3058"}, {"name": "布隆迪玩命自行车，扛500斤香蕉下坡不刹车，全家靠自行车养活", "rating": "297380", "play": "92.9", "comments": "1955"}, {"name": "拜托三连了！这绝对是全B站最用心（没有之一）的PR公开课程，耗时千余小时开发！", "rating": "292861", "play": "16.2", "comments": "537"}, {"name": "判个轮回转世", "rating": "291164", "play": "24.1", "comments": "124"}, {"name": "网络热门爆款鉴定07", "rating": "290646", "play": "17.3", "comments": "1445"}, {"name": "Uh...你的衬衫穿反了inside out…", "rating": "290210", "play": "44.7", "comments": "83"}, {"name": "母鸡每天能下蛋，是因为强迫症？", "rating": "286275", "play": "29.9", "comments": "12"}, {"name": "瓢虫起飞盒子会变轻吗？在电梯里飞行会怎样？反直觉的悬空飞行", "rating": "282905", "play": "23", "comments": "641"}, {"name": "世界上的第一台相机，真的是这台？", "rating": "273708", "play": "36.6", "comments": "114"}, {"name": "荷兰最大的“造假”小镇，堪称现实版《楚门的世界》，但这里，却上演着世界上最温暖的骗局…", "rating": "263447", "play": "15.1", "comments": "60"}, {"name": "三 分 钟 教 你 做 一 个 酷 炫 的 铋 晶 体", "rating": "263342", "play": "12.6", "comments": "423"}, {"name": "你们要把什么东西发上太空啊？", "rating": "260757", "play": "19.7", "comments": "309"}, {"name": "20世纪的骗子敢玩多大？【硬核狠人03】", "rating": "258636", "play": "27.6", "comments": "1311"}, {"name": "机智的出租车司机配合高速收费员擒贼，网友赞叹太默契了", "rating": "257890", "play": "25.7", "comments": "19"}, {"name": "美国加拿大遭遇千年罕见高温干旱，彭博社发文“都怪中国下大雨”", "rating": "253791", "play": "12.5", "comments": "3303"}, {"name": "突然爆炸！空姐万米高空无伞坠落，要如何幸存？", "rating": "252125", "play": "14.2", "comments": "2059"}, {"name": "凭一己之力解决掉2个战国四大名将，“战神”郭开是怎么做到的", "rating": "250871", "play": "14.5", "comments": "186"}, {"name": "我去叙利亚当雇佣兵，回国后要坐牢吗？", "rating": "250107", "play": "32.3", "comments": "490"}, {"name": "谭警官VS二仙桥拦路虎，谁赢？", "rating": "247013", "play": "18.4", "comments": "650"}, {"name": "【不止飞行】第一次坐飞机?收下这份保姆级教程！", "rating": "246457", "play": "8", "comments": "598"}, {"name": "女子骑平衡车上路摔亡，家属向厂商索赔213万，法院会咋判", "rating": "241237", "play": "48.8", "comments": "34"}, {"name": "不同时期的砖头VS液压机，究竟谁更胜一筹？", "rating": "238649", "play": "15.5", "comments": "1286"}, {"name": "大堡礁“濒危”，澳大利亚为何赖上中国？", "rating": "234857", "play": "15.5", "comments": "1226"}, {"name": "余景天粉丝：“他们只是失去了生命，我哥哥失去的可是出道机会”？？", "rating": "232723", "play": "27.2", "comments": "2925"}, {"name": "大学毕业｜这些事情最让我后悔｜共同成长，不留遗憾！", "rating": "229700", "play": "15.6", "comments": "155"}, {"name": "【水水劳斯】揭秘网络热门视频里的科学原理｜第十八集", "rating": "229493", "play": "26.2", "comments": "222"}, {"name": "形势比我们想象的更严峻！央行火速行动，热钱开闸，房贷荒或缓解", "rating": "228376", "play": "18.1", "comments": "223"}, {"name": "穿越者避雷指南！一个绝对不能穿越的朝代！", "rating": "225950", "play": "14.5", "comments": "1228"}, {"name": "便宜奶茶不仅好喝还挣钱？30块钱的奶茶究竟有多少是智商税？【暗中观察125】IC实验室", "rating": "222187", "play": "43", "comments": "882"}, {"name": "美团遭沈阳骑手“深夜报复” 或因存在霸王条款", "rating": "220403", "play": "28.8", "comments": "1338"}, {"name": "偷蛋龙的蛋被偷了怎么算？我们终于抓到了那个偷恐龙蛋的贼！【恐龙时代】 #兽脚类篇09", "rating": "219987", "play": "10", "comments": "1102"}, {"name": "最省时政治全年规划：保70分争80，旱区水区不一样！【空卡】", "rating": "219667", "play": "19.5", "comments": "3876"}, {"name": "英 国 历 史 指 南", "rating": "219041", "play": "20.4", "comments": "19"}, {"name": "观棋有语112：塔利班会马上夺取阿富汗全国政权吗？", "rating": "218026", "play": "12.2", "comments": "3135"}, {"name": "我们之所以看不到黑暗，是因为他们把黑暗挡在前方", "rating": "217702", "play": "29", "comments": "476"}, {"name": "我国新晋4名上将，其中一位引发印度警惕，印媒：让印军睡不好觉", "rating": "217132", "play": "50", "comments": "97"}, {"name": "高中数学基础与解法全集（涵盖所有）|长期更新|从零开始拯救所有学渣！通俗易懂|竞赛国一保送生主讲|数学有救了|干货满满|包含必修一必修二必修三必修四必修五", "rating": "211468", "play": "20.6", "comments": "5082"}, {"name": "冒死上传！目前B站最完整的播音配音教程，包括所有声音训练方法", "rating": "211110", "play": "4.8", "comments": "258"}, {"name": "夸人不尬，人缘开挂！【高情商说话技巧】", "rating": "208906", "play": "9.6", "comments": "183"}, {"name": "没有十年脑血栓，打不出来这波操作 | 有轶见", "rating": "206930", "play": "10.6", "comments": "1411"}, {"name": "【细思极恐的中世纪手抄本，到底是人类所写还是魔鬼执笔？】真实存在的诅咒物件“魔鬼圣经”", "rating": "206600", "play": "15.5", "comments": "346"}, {"name": "对熵的一种微观解释进行可视化", "rating": "204339", "play": "36.8", "comments": "322"}, {"name": "远近闻名的女医生突然失踪，背后竟牵扯出整个城市隐藏的黑暗秘密 | Wayne调查", "rating": "202265", "play": "13.1", "comments": "1160"}, {"name": "那些半句可封神的句子｜你知道另一半吗", "rating": "200621", "play": "15.3", "comments": "264"}, {"name": "如果你击退巨齿鲨会怎么样？【又见阿诺德】", "rating": "200453", "play": "15.3", "comments": "131"}, {"name": "煮沸能杀死腐肉细菌，为何腐肉煮沸后也不能吃？吃了后果严重吗？", "rating": "198877", "play": "53.9", "comments": "208"}]