[{"name": "我真希望学计算机之前，有人能告诉这些该多好，每次我撑不下去的时候就会打开这个视频！", "rating": "1155808", "play": "63.5", "comments": "163"}, {"name": "【对比试听】在万人级场馆里听歌有多震撼?丨听懂演唱会", "rating": "837133", "play": "38", "comments": "8424"}, {"name": "【Wallpaper Engine】这就是我私藏十年的神仙动态壁纸，每一张都美哭了", "rating": "800329", "play": "53.1", "comments": "396"}, {"name": "自制木人桩菠萝削皮器，打一套咏春，削一个菠萝", "rating": "733411", "play": "71.5", "comments": "4239"}, {"name": "虚拟游戏，打出真实伤害！", "rating": "632993", "play": "53.7", "comments": "1951"}, {"name": "多久能造出我们的EUV光刻机？ASML在职员工用最简单的方式告诉你。【阿俗】", "rating": "460210", "play": "25.7", "comments": "2737"}, {"name": "Windows 11：这些主板享有优先择偶权", "rating": "426155", "play": "26.4", "comments": "941"}, {"name": "教你查询你曾经注册过的网站、app！手机换号不知道绑定过哪些网站，快速找到注册过的网站换绑注销，保护数据安全！", "rating": "396605", "play": "14", "comments": "121"}, {"name": "我做出了世界上第一个会“呼吸”的电脑 - DIY Perks", "rating": "362948", "play": "38.8", "comments": "768"}, {"name": "【历代小米】不是所有MIX，都叫MIX", "rating": "348686", "play": "21.7", "comments": "1549"}, {"name": "【大米评测】手机厂商瑟瑟发抖，智能手机10大钉子户机型盘点：再战3年！", "rating": "338413", "play": "22.2", "comments": "5304"}, {"name": "建议收藏：这可能是你从没见过的iPad用法。", "rating": "299454", "play": "11.9", "comments": "163"}, {"name": "20台手机 14天 动用38人，我测出来了夏天系统更新的秘密 性能横评2.0【新评科技】", "rating": "240430", "play": "18.2", "comments": "1922"}, {"name": "四风扇的顶级游戏本！Alienware x17上手体验", "rating": "239978", "play": "18.6", "comments": "1553"}, {"name": "你好！中国海事！", "rating": "235144", "play": "11.6", "comments": "1388"}, {"name": "你们想要的拍摄干货前来报道，总有一个你没试过", "rating": "225088", "play": "13.2", "comments": "98"}, {"name": "硬核新UP如何喜提一键三连", "rating": "218281", "play": "7.8", "comments": "503"}, {"name": "BW来逛RTX空间玩游戏！", "rating": "216499", "play": "11.8", "comments": "423"}, {"name": "不得不说，华为依然是广告创意做的最好的", "rating": "211071", "play": "25.4", "comments": "29"}, {"name": "【笔吧】A卡游戏本复活了！ROG魔霸5R首发评测", "rating": "209487", "play": "13.6", "comments": "1404"}, {"name": "【科技杂谈87】科技不止以换壳为本！盘点历史上各种游戏机的改型", "rating": "206631", "play": "9.2", "comments": "1232"}, {"name": "老干部们到位了没", "rating": "205653", "play": "14.7", "comments": "363"}, {"name": "四万块的华为手机，土豪大哥说手机修好导出资料就把手机送我，大家说我能要吗？", "rating": "204672", "play": "43.4", "comments": "410"}, {"name": "让python来玩2048", "rating": "197200", "play": "19", "comments": "153"}, {"name": "【开箱】我为什么不用\"小米11Ultra\"录像？", "rating": "194542", "play": "13.3", "comments": "1232"}, {"name": "Excel一堆名字整理成一列", "rating": "184322", "play": "17.6", "comments": "42"}, {"name": "【官方双语】这下英伟达的高端显卡卖不出去了 - DLSS 2.0+ （赞助）#linus谈科技", "rating": "183152", "play": "14.3", "comments": "531"}, {"name": "网友寄来摔坏的3070显卡，看了情况我选择退卡保平安", "rating": "183146", "play": "16.2", "comments": "483"}, {"name": "蝴蝶刀× 蝴蝶剑✓", "rating": "177196", "play": "12.3", "comments": "61"}, {"name": "新款米家充气宝1S上市既拆，看看内部都做了哪些优化", "rating": "172441", "play": "13", "comments": "629"}, {"name": "低预算观影室搭建指南，100元-5000元，6款不同价位的投影仪效果对比", "rating": "169481", "play": "6.5", "comments": "1199"}, {"name": "8个宝藏良心网站推荐，总有用上的时候！帮你找到99%的电子书资源，Pdf mobi txt ePub 小说文献漫画教科书下载", "rating": "167886", "play": "3.4", "comments": "45"}, {"name": "折腾模特很快乐~10分钟教你给长腿模特拍电影画风人像", "rating": "163841", "play": "12", "comments": "281"}, {"name": "「小白」 300台手机 6000项数据 3年8个月：我们对数据和测评的理解", "rating": "160327", "play": "10.1", "comments": "973"}, {"name": "天呐！清华大佬终于把Python做成漫画了，如此幽默的学习教程，他试图想拯救我？", "rating": "158650", "play": "6.2", "comments": "95"}, {"name": "什么指令让C盘爆增35GB+ ？复活朋友卡慢的TF笔电", "rating": "156569", "play": "6.8", "comments": "156"}, {"name": "「白问」显示100% 但你的手机真充满了么？", "rating": "155640", "play": "9.4", "comments": "485"}, {"name": "铁粉花了一年工资买了努比亚Z30 Pro，开箱以后泪流满面", "rating": "149537", "play": "14.2", "comments": "3346"}, {"name": "戴尔G15 5511 5515评测：地外科技-独显直连", "rating": "147560", "play": "12.4", "comments": "370"}, {"name": "华为浏览器已经实现了电脑上才有的功能！我愿称之为最强！", "rating": "143912", "play": "12", "comments": "194"}, {"name": "当你爸非要给你买顶配电脑时…", "rating": "143670", "play": "12.4", "comments": "128"}, {"name": "「趣看发布会」余承东——趣看宇宙 1 号人物！", "rating": "139722", "play": "7.3", "comments": "567"}, {"name": "7款超强iPhone+iPad+Macbook配件！feat. MOFT 收纳包 MagSafe卡包支架｜大耳朵TV", "rating": "139654", "play": "7", "comments": "1232"}, {"name": "半个多世纪前的电力设备：汞弧整流器，像外星人的黑科技", "rating": "138989", "play": "10", "comments": "47"}, {"name": "NVIDIA正式确认！RTX 4080延期至2023年发布，5nm工艺打造，性能提升100%！「超极氪」", "rating": "138970", "play": "11", "comments": "406"}, {"name": "4 倍 动 力！给自行车装上4个775电机！", "rating": "135699", "play": "13", "comments": "152"}, {"name": "厂家要的不止是涨价，要的更多也更狠", "rating": "131535", "play": "7.3", "comments": "328"}, {"name": "库存显卡全是矿，拆壳扒芯保平安！", "rating": "128819", "play": "7.7", "comments": "505"}, {"name": "这个几十块的鼠标竟然支持指纹识别，而且附送的软件还挺好用？【开箱翼闻录 第25期】", "rating": "128318", "play": "8.1", "comments": "754"}, {"name": "【尚硅谷】2021最新Vue技术全家桶丨一套搞定vuejs技术栈", "rating": "125285", "play": "2.5", "comments": "416"}, {"name": "【亦】榨干电脑！一台游戏本挑战全寝开黑：比虚拟机更高效的多人一机方案", "rating": "125007", "play": "14.7", "comments": "198"}, {"name": "同行发来一个玩家国度笔记本来考验我维修技术，我被拷了", "rating": "123303", "play": "8.7", "comments": "775"}, {"name": "中正评测：1380克、RTX3050，宏碁传奇X轻薄本开箱，R7-5800U", "rating": "121705", "play": "8.5", "comments": "1082"}, {"name": "【热男】国行首发光驱版PS5评测：抢都抢不到！", "rating": "119374", "play": "6.6", "comments": "2057"}, {"name": "最新发布的我的超级自然语音技术，你能分清哪个是真人嘛？片尾有逆转吼吼吼", "rating": "118085", "play": "7.6", "comments": "289"}, {"name": "【才浅手工】这把剑的制作有多难？看看就知道了", "rating": "117745", "play": "9.9", "comments": "620"}, {"name": "花了2万多买的Python教程全套，现在分享给大家，入门到精通(Python全栈开发教程)", "rating": "112492", "play": "7.8", "comments": "1048"}, {"name": "花500个小时制造一个7缸发动机，西班牙硬核老哥来了！", "rating": "109913", "play": "15.7", "comments": "378"}, {"name": "新电脑到手一定要注意这三件事！", "rating": "103436", "play": "9.6", "comments": "46"}, {"name": "【有人踢馆？！】打碎钢化箱就能拿到1万美金？是时候展现真正的技术了！", "rating": "102483", "play": "19.4", "comments": "480"}, {"name": "「花生」不要在闲鱼卖手机！因为你很可能会被白嫖", "rating": "98114", "play": "6.3", "comments": "527"}, {"name": "别用盗版软件了，这三个网站可免费获取正版付费软件！", "rating": "98021", "play": "2.9", "comments": "12"}, {"name": "中国空间站机械臂真实工作爬行状态！（4K）", "rating": "97645", "play": "8.1", "comments": "101"}, {"name": "鸿蒙多设备任务中心即将上线，这体验太牛了！", "rating": "96011", "play": "7.2", "comments": "121"}, {"name": "期待已久的万能调色攻略来咯，姐妹们赶紧码起来", "rating": "95657", "play": "3.2", "comments": "46"}, {"name": "外星人笔记本到底贵在了哪里？ALIENWARE  x15 上手体验：真薄！", "rating": "86420", "play": "5.8", "comments": "628"}, {"name": "戴VR眼镜一口气生活5天是什么样的体验？", "rating": "84400", "play": "19.1", "comments": "3"}, {"name": "手机如何投屏到电脑上？大家快来试试，你学废了嘛？", "rating": "84254", "play": "7.7", "comments": "21"}, {"name": "奇葩的弯面屏手机！这种造型还能用？", "rating": "83648", "play": "7.6", "comments": "75"}, {"name": "换手机？不存在的！4g内存用到死！（安卓优化控制后台小窍门）", "rating": "82453", "play": "6.2", "comments": "355"}, {"name": "俺の愛盾构机が!", "rating": "81529", "play": "5.4", "comments": "78"}, {"name": "【蓝体验】一年后魅族17Pro成了我的主力机", "rating": "81210", "play": "5.4", "comments": "218"}, {"name": "我做出了贝吉塔的AR眼镜 可检测\"战斗力\"", "rating": "80913", "play": "7.2", "comments": "55"}, {"name": "Docker 10分钟快速入门", "rating": "80616", "play": "4.9", "comments": "28"}, {"name": "【必看技能】电脑到底要不要安装杀毒软件，看完这个视频你就懂了", "rating": "77629", "play": "2.6", "comments": "154"}, {"name": "升级Windows11 就这么简单！任意电脑轻松升级，各种问题的解决办法都在这里|Windows11中文版", "rating": "72921", "play": "4.1", "comments": "145"}, {"name": "冤枉，腾讯真不知道你的QQ密码！网站如何保存用户的密码更安全？MD5？散列？明文还是加密？", "rating": "72808", "play": "5.1", "comments": "370"}, {"name": "一加9 Pro跑分作弊，已被GeekBench除名。系统限制处理器的性能，Cortex-X1大核形同虚设，就连几年前骁龙855+的OnePlus 7T也中招了！", "rating": "72086", "play": "8.3", "comments": "119"}, {"name": "最会教女朋友拍辣妹照的非我莫属！进来get秘籍", "rating": "72022", "play": "9", "comments": "35"}, {"name": "【科普】买笔记本只看性能做工？你的接口会不会少了点", "rating": "71006", "play": "3.8", "comments": "142"}, {"name": "现实的风向已经在变了？ 为什么 Microsoft Edge 的声势在国外开始水涨船高？", "rating": "70672", "play": "5.2", "comments": "109"}, {"name": "目前唯一能以官方原价买到的3070TI，丽台3070TI非常不专业的开箱测试，值不值丐不丐你们说了算", "rating": "68903", "play": "6.7", "comments": "83"}, {"name": "拆解网友邮寄65W充电宝，网上花60多块买的，这又是一个活生生的案例！", "rating": "68487", "play": "4.6", "comments": "318"}, {"name": "完了！百度网盘这次，真要凉了？！", "rating": "67664", "play": "7.6", "comments": "105"}, {"name": "一个已经倒闭的16年网店店主坚守一年多迎来第一单返修。感谢安钛克售后零等待包换新，从收到客户机器到安全返还仅用了二天（测试了二天确保机器没问题）", "rating": "67247", "play": "11", "comments": "3"}, {"name": "世界上第一款安卓手机，造型酷炫，真的牛吗？", "rating": "66202", "play": "14.9", "comments": "2"}, {"name": "一个学生惹怒了他的母亲，这是他手机发生的变化", "rating": "65498", "play": "10.7", "comments": "62"}, {"name": "CSGO地图里的电脑配置竟然是？经典游戏与经典配置的碰撞！【阅机无数特别篇】", "rating": "65153", "play": "6.8", "comments": "102"}, {"name": "千兆外网有多爽？内卷的路由器！软路由 J4125 ESXi iKuai openWRT USB网卡 2.5Gbe", "rating": "64894", "play": "9.3", "comments": "110"}, {"name": "【E周报】特别汇报：关于王自如格力副总裁、数码评测行业、我的选择", "rating": "64748", "play": "2.2", "comments": "1206"}, {"name": "2000左右的折叠屏手机真的能用吗？", "rating": "62711", "play": "13.4", "comments": "16"}, {"name": "Apple产品的独特声音", "rating": "62433", "play": "5.9", "comments": "12"}, {"name": "“工信部，广告呢？？？”", "rating": "61867", "play": "5.7", "comments": "39"}, {"name": "街拍不应该只讲技巧！我只想静静按下快门...", "rating": "61236", "play": "3.2", "comments": "253"}, {"name": "￥98 vs ￥1099，价格差10倍的屏幕挂灯有啥区别？", "rating": "61071", "play": "4.7", "comments": "195"}, {"name": "浮力款自吸式水上垃圾桶-我们还在努力改进和完善中", "rating": "60723", "play": "7.3", "comments": "241"}, {"name": "【炒冷饭】冷门旗舰，老当益壮 - [索尼 Xperia XZ Premium使用报告]", "rating": "60714", "play": "4.6", "comments": "41"}, {"name": "缩水主板？掉速硬盘？海外显卡？炸弹电源？买台二手电商整机一拆究竟", "rating": "60537", "play": "3.9", "comments": "654"}, {"name": "荣耀50Pro开箱上手 独立后荣耀的旗舰是否够旗舰", "rating": "60483", "play": "2.2", "comments": "608"}, {"name": "中国芯片行业的当头一棒：国内芯片巨头紫光集团宣布破产重组的背后！", "rating": "59658", "play": "6.4", "comments": "111"}]