[{"name": "当1米88的女生穿上20厘米高跟鞋去bw cos生化危机8里的迪米特雷斯库夫人是什么体验", "rating": "2143997", "play": "313.9", "comments": "5484"}, {"name": "三句话让导师为我投一篇SCI", "rating": "1589929", "play": "169.8", "comments": "1355"}, {"name": "语文课本里的名人能被黑成什么样？", "rating": "1576169", "play": "130", "comments": "2964"}, {"name": "愿你们永远保持一颗童心", "rating": "1537890", "play": "129.6", "comments": "1778"}, {"name": "面试时说自己有300万粉丝 场面失控了！", "rating": "1488565", "play": "159.2", "comments": "4485"}, {"name": "我买了拼夕夕上面所有的泡泡机", "rating": "1480779", "play": "120.5", "comments": "9279"}, {"name": "《你百大没了》 演技自修课01", "rating": "1388007", "play": "97.7", "comments": "1.5万"}, {"name": "阿根廷时隔28年夺冠 ！梅西终于圆梦！", "rating": "1253442", "play": "77.1", "comments": "2532"}, {"name": "这就是中国最早美食节目？全程假吃，观众却连连叫好？", "rating": "1235579", "play": "64.8", "comments": "7665"}, {"name": "高位截瘫消防员受伤八年整 感恩遇见bilibili小破站让我不再孤单", "rating": "1192153", "play": "116.3", "comments": "4643"}, {"name": "太 好 孝 了 ！", "rating": "1131255", "play": "80", "comments": "734"}, {"name": "当汤姆和大司马互换笑声", "rating": "1077435", "play": "81.8", "comments": "910"}, {"name": "你可曾听过那首来自云南的致命童谣……", "rating": "1075660", "play": "116.9", "comments": "212"}, {"name": "拼夕夕比癌细胞还能裂变", "rating": "1037469", "play": "126.2", "comments": "1609"}, {"name": "危！趁女友喝醉熟睡把她全脸涂红…变成关二爷！", "rating": "1002062", "play": "59.2", "comments": "4477"}, {"name": "听说瓶装百香果会爆炸，小伙不信买了一瓶，结果一下就给干懵了", "rating": "987554", "play": "119.6", "comments": "4111"}, {"name": "研究生导师抓学生打游戏堪比抓奸现场，有一个差点没抓到", "rating": "960686", "play": "203.1", "comments": "1546"}, {"name": "BW的美少女快进来感受一下！？", "rating": "942586", "play": "42.4", "comments": "2485"}, {"name": "这个修正带有点好看！就用它来写字吧", "rating": "929023", "play": "67.2", "comments": "1211"}, {"name": "知识区up主拷打二次元", "rating": "912694", "play": "57.6", "comments": "8217"}, {"name": "高情商男人是怎么抓住女人心的", "rating": "900455", "play": "80.9", "comments": "560"}, {"name": "饮茶哥：饮茶时间不够？用大杯啦！", "rating": "898182", "play": "51.4", "comments": "2455"}, {"name": "14000给新房装了空调，B站29.9万粉丝给我带来改变", "rating": "875900", "play": "55.5", "comments": "1860"}, {"name": "20分钟回顾阿根廷夺冠之旅：永远不要放弃你的梦想", "rating": "874668", "play": "38.1", "comments": "5029"}, {"name": "我们为什么要怀念夏天", "rating": "870230", "play": "54.1", "comments": "754"}, {"name": "【沙雕说唱】一首rap听遍上半年最火神曲之加电版", "rating": "865265", "play": "87.9", "comments": "538"}, {"name": "70w粉丝纪念视频！说说我曾经退学一年之间的事情", "rating": "863697", "play": "48", "comments": "1.3万"}, {"name": "千万不要随便回复网友的评论", "rating": "861434", "play": "93.4", "comments": "1306"}, {"name": "三句话，让粉丝为我投币18万", "rating": "810758", "play": "46.7", "comments": "1062"}, {"name": "【BW2021·原神】《我来这个展台只有三句话》", "rating": "802896", "play": "76.5", "comments": "1907"}, {"name": "我只是剪了短发，为什么叫我小哥哥？？？", "rating": "791809", "play": "52.9", "comments": "2408"}, {"name": "欧洲杯决赛解说", "rating": "780966", "play": "58.9", "comments": "496"}, {"name": "真●有 大 病", "rating": "765079", "play": "63.8", "comments": "139"}, {"name": "趁现在没人看发一下好了，我真的不想再读了，哭唧唧()要累死我了", "rating": "756100", "play": "54.1", "comments": "4384"}, {"name": "史上最离谱！男生看了会沉默..女生看了会流泪..", "rating": "738275", "play": "34.2", "comments": "1.8万"}, {"name": "选左边的保姆，主要是为了便宜两千块钱", "rating": "714918", "play": "121.8", "comments": "920"}, {"name": "【美有姬合集】帅哥合集①-学会了你就是这个星球最靓的仔", "rating": "697467", "play": "42.8", "comments": "1000"}, {"name": "照照照照出来的画。光之“画中画”九色鹿", "rating": "688629", "play": "80.2", "comments": "679"}, {"name": "162个人选50人，本来饰演达官贵人，结果没头套饰演贫民，盒饭2个鸡腿", "rating": "678269", "play": "44.6", "comments": "1796"}, {"name": "“家人们，今时不同往日了…”", "rating": "665783", "play": "104.4", "comments": "641"}, {"name": "他是怎么做到自己和自己谈恋爱我都觉得好甜的？", "rating": "646856", "play": "72.7", "comments": "3717"}, {"name": "游戏嘲讽现状", "rating": "640981", "play": "43.3", "comments": "349"}, {"name": "【正道的光】显微镜蚊子嘴切除手术", "rating": "624231", "play": "48.1", "comments": "1117"}, {"name": "反正也不涨粉了！", "rating": "618456", "play": "52.1", "comments": "1035"}, {"name": "家人们，这次我真的破防了", "rating": "612975", "play": "69.4", "comments": "318"}, {"name": "有个身高1米9的闺蜜是种什么体验   @小马一米九", "rating": "605160", "play": "49.8", "comments": "141"}, {"name": "女生身高一米九是种怎样的体验 2", "rating": "595842", "play": "82.9", "comments": "314"}, {"name": "一个可以无限循环的视频，越看越带劲！", "rating": "591639", "play": "88.6", "comments": "230"}, {"name": "前方高能", "rating": "589652", "play": "84.7", "comments": "627"}, {"name": "猪肉：你礼貌吗", "rating": "589021", "play": "47.7", "comments": "1497"}, {"name": "意大利能夺冠，我吃仨披萨把自己噎死", "rating": "580950", "play": "48.8", "comments": "4106"}, {"name": "胖小伙探秘日本过期食品专卖店！这东西能吃？", "rating": "571250", "play": "33.9", "comments": "2757"}, {"name": "听说吹空调不好之后…", "rating": "567713", "play": "45", "comments": "198"}, {"name": "女生一米九是种什么体验", "rating": "561646", "play": "71.5", "comments": "549"}, {"name": "只希望播放量够加油钱，5块就好了哈哈！", "rating": "559875", "play": "31.8", "comments": "287"}, {"name": "小潮team真的没剧本！！！现场太搞笑了！！", "rating": "545610", "play": "48.9", "comments": "846"}, {"name": "新型网络诈骗", "rating": "542790", "play": "163.7", "comments": "791"}, {"name": "后浪！震惊！95后广东女生独自一人打造出最野庭院", "rating": "534695", "play": "24.8", "comments": "4992"}, {"name": "老爸和老弟越来越难对付了", "rating": "533741", "play": "58.1", "comments": "489"}, {"name": "三句话让女人给我18w后，我后悔了", "rating": "532037", "play": "38.2", "comments": "406"}, {"name": "高频震动—物理清灰", "rating": "521417", "play": "34.9", "comments": "922"}, {"name": "【BW2021】第一次带妈妈一起去漫展！这可莉害了！", "rating": "520960", "play": "34.7", "comments": "751"}, {"name": "天津快板版《达拉崩吧》为您献演", "rating": "518769", "play": "26.6", "comments": "778"}, {"name": "通辽bug王再度兰州拉面卡bug，结果失利反被捉。", "rating": "518721", "play": "44.2", "comments": "3035"}, {"name": "你们班有这种哏人吗？", "rating": "510548", "play": "36.4", "comments": "223"}, {"name": "祖先打鱼   捞回的国宝", "rating": "499939", "play": "49", "comments": "644"}, {"name": "持续战斗状态（重制版）（没活硬整）", "rating": "499330", "play": "36.8", "comments": "644"}, {"name": "B站投稿两年，粉丝破 5 啦 ！！", "rating": "499234", "play": "83.4", "comments": "2362"}, {"name": "《人类高质量男性求偶》新闻发言人版 中英对照 深情相亲", "rating": "494472", "play": "37.4", "comments": "1422"}, {"name": "我的血压飙升瞬间", "rating": "492787", "play": "32.9", "comments": "31"}, {"name": "你礼貌吗是什么梗【梗指南】", "rating": "491822", "play": "33.5", "comments": "190"}, {"name": "图纸咋还能看错呢", "rating": "490658", "play": "56", "comments": "310"}, {"name": "内幕！百大UP主 不可告人的秘密", "rating": "482978", "play": "17.6", "comments": "7270"}, {"name": "所以拿来吧你到底是哪里出来的！", "rating": "477621", "play": "43.4", "comments": "282"}, {"name": "老外体验中国沙漠，感叹这哪是沙漠，这是世外桃源好吗", "rating": "476824", "play": "25.5", "comments": "3019"}, {"name": "这个视频，我做了4年。", "rating": "475937", "play": "44.1", "comments": "690"}, {"name": "当学校举行各种比赛时", "rating": "472757", "play": "35.7", "comments": "48"}, {"name": "降噪降成听力损伤？五成被检测降噪耳机降噪量不合格", "rating": "471025", "play": "29.3", "comments": "1379"}, {"name": "《 生  殖  隔  离 》", "rating": "460943", "play": "55.8", "comments": "163"}, {"name": "到日本四年，英语断崖式进步", "rating": "458685", "play": "52.3", "comments": "337"}, {"name": "好可爱的笔头！用来写字看看会是什么样", "rating": "458421", "play": "62.4", "comments": "283"}, {"name": "新工作找好了吗", "rating": "453054", "play": "35.4", "comments": "146"}, {"name": "塔利班宣布保护中国的利益，美国猝不及防，为何非要与中国合作？", "rating": "450706", "play": "44.7", "comments": "2053"}, {"name": "今天雪王收到了个宝贝！", "rating": "450697", "play": "31.2", "comments": "176"}, {"name": "在金拱门除了吃薯条还能做什么？", "rating": "450602", "play": "24.9", "comments": "85"}, {"name": "实拍日本横滨元祖高达 RX78 启动展示", "rating": "446687", "play": "43.7", "comments": "813"}, {"name": "你永远想不到老板还有什么工作让你做", "rating": "444409", "play": "33.7", "comments": "755"}, {"name": "海拔5200米，送给兵哥哥的小惊喜！", "rating": "427882", "play": "62.4", "comments": "342"}, {"name": "速度与激情 (十)", "rating": "425304", "play": "39.4", "comments": "1678"}, {"name": "【梗百科】六道轮回是个棒槌是啥梗？", "rating": "417780", "play": "39", "comments": "132"}, {"name": "大家别骂了，1万8中到显卡都是演的！", "rating": "415814", "play": "40.2", "comments": "1073"}, {"name": "在家门口画一个坑，差点被丈母娘打了？", "rating": "413185", "play": "148.1", "comments": "542"}, {"name": "【星悦】打假！谁说美国人都不存钱？？", "rating": "410867", "play": "20.5", "comments": "2712"}, {"name": "装修干货| 精装房验收5大空间全指南，按照这个流程不再遗漏！", "rating": "409718", "play": "48.5", "comments": "189"}, {"name": "【我的教授老妈】终于有人能制服我妈了！TA 用魔法打败魔法！", "rating": "408545", "play": "30.7", "comments": "99"}, {"name": "班里那些口是心非的同学", "rating": "407195", "play": "27", "comments": "712"}, {"name": "和不讲理的人讲理就是一种折磨~！", "rating": "406970", "play": "22.7", "comments": "236"}, {"name": "这就是山东最近的天气！", "rating": "406731", "play": "40.5", "comments": "1664"}, {"name": "弟弟中考成绩出来了，分数不敢直视太丢人，等着全家批斗吧", "rating": "403034", "play": "42.7", "comments": "1991"}, {"name": "让男朋友瞬间上头的小方法❤️～#将恋爱进行到底", "rating": "402249", "play": "49.4", "comments": "150"}]