[{"name": "中岛美嘉治愈之作《曾经我也想过一了百了》唱出你的心声", "rating": "2906633", "play": "232.9", "comments": "6430"}, {"name": "【4K60FPS】林俊杰《起风了》神级现场！我曾将青春翻涌成她！", "rating": "1621096", "play": "92.9", "comments": "3168"}, {"name": "【洛天依原创曲】夏虫【2021官方生贺曲】", "rating": "1513653", "play": "31", "comments": "9514"}, {"name": "这里有只泠鸢需要安慰", "rating": "950132", "play": "56.2", "comments": "1843"}, {"name": "B站陈奕迅《嘉宾》真.粤语版，有种抱憾终生，名为做你嘉宾。", "rating": "947535", "play": "60.4", "comments": "1206"}, {"name": "【官方MV】王源 - 疯人公园", "rating": "911071", "play": "58.3", "comments": "8252"}, {"name": "【王者风物志】云缨同人印象曲《掠火之枪》【三无x祖娅纳惜】", "rating": "785461", "play": "22.9", "comments": "968"}, {"name": "【这世界那么多人】据说90%的人的青春都会经历... ...", "rating": "700309", "play": "37.5", "comments": "990"}, {"name": "门面vocal翻唱《母系社会》高音炸翻全场｜宋亚轩四机位直拍", "rating": "669282", "play": "77.5", "comments": "3.1万"}, {"name": "我的猫狂奔了一整夜(原创曲)", "rating": "666116", "play": "39.5", "comments": "405"}, {"name": "【TheFatRat】新专首单《Hiding In The Blue》上线！开启新专第一篇章", "rating": "613799", "play": "34.1", "comments": "559"}, {"name": "一人乐队之全程核能《霍元甲》cover.周杰伦", "rating": "582629", "play": "24.9", "comments": "695"}, {"name": "【Animenz】命运之夜——天之杯  钢琴组曲", "rating": "563749", "play": "16.6", "comments": "902"}, {"name": "【严浩翔】低音炮男声高能输出！绝杀21秒 你的硬币归我了 | 四面楚歌 直拍", "rating": "539733", "play": "31.8", "comments": "8960"}, {"name": "《虚拟》我喜欢月亮 月亮不知道", "rating": "497796", "play": "39", "comments": "239"}, {"name": "红尘客栈 | 卧室舒适翻唱", "rating": "496884", "play": "25.5", "comments": "896"}, {"name": "【言和原创曲】折光【2021官方生贺曲】", "rating": "484093", "play": "7.2", "comments": "1919"}, {"name": "韩国女团撞调《西游记》，旋律百分百还原，一开口差点跟着唱出来", "rating": "478805", "play": "76.7", "comments": "6197"}, {"name": "【MV】空腹／まふまふ", "rating": "460194", "play": "15.1", "comments": "821"}, {"name": "真白嫖失败，四国语言翻唱《海底》给我听哭了..直击灵魂", "rating": "459260", "play": "33.3", "comments": "972"}, {"name": "离谱！华语乐坛套马杆！", "rating": "450107", "play": "44.4", "comments": "1621"}, {"name": "【Henry刘宪华】《Summer（菊次郎的夏天）》Cover演奏久石让", "rating": "447743", "play": "18.4", "comments": "2129"}, {"name": "TF家族 宋亚轩&amp;刘耀文《无限速》", "rating": "443114", "play": "33.7", "comments": "606"}, {"name": "【艺术的碰撞】当古筝在国外街头遇见钢琴，即兴合作走一波？", "rating": "430434", "play": "41.7", "comments": "433"}, {"name": "毛不易with中岛美嘉《生活在别处的你 Another me》", "rating": "420499", "play": "12.8", "comments": "813"}, {"name": "《阴阳师》空相面灵气·印象童谣（演唱：祖娅纳惜）", "rating": "415275", "play": "17.7", "comments": "899"}, {"name": "【洛天依V5原创曲】掌心中的命运2.0【HB to 天依2021】", "rating": "405655", "play": "7.1", "comments": "1784"}, {"name": "“山有木兮木有枝 心悦君兮君不知”超温柔古风曲《怎叹》女声翻唱", "rating": "405167", "play": "24.6", "comments": "250"}, {"name": "水星记，我爱过的印记。", "rating": "395767", "play": "38.8", "comments": "539"}, {"name": "【新歌MV首发】漆黑里自己发光  像《鸟》 一样飞吧！", "rating": "394181", "play": "6.5", "comments": "1321"}, {"name": "【赤羽】最先进的歌声合成软件＋超强调校师，超越你的认知！", "rating": "390099", "play": "9.4", "comments": "572"}, {"name": "【黄龄】浴室玩耍时间，抖一个存货《冰柜》给大家降降暑，717后见～～～", "rating": "381426", "play": "17.9", "comments": "1250"}, {"name": "「Moon Halo」——《崩坏3》印象曲（演唱者：茶理理/TetraCalyx/Hanser）", "rating": "352825", "play": "21.2", "comments": "747"}, {"name": "【钢琴】中文Vocaloid名曲20首联弹 洛天依生贺", "rating": "328361", "play": "13.4", "comments": "648"}, {"name": "【麦姐】我参加《美国达人秀》啦！首秀就唱了此前大火的“恶评歌”？", "rating": "325730", "play": "15", "comments": "448"}, {"name": "【翻唱】乃琳&amp;珈乐《冬眠》【直播剪辑】", "rating": "324629", "play": "9", "comments": "779"}, {"name": "【洛天依原创】纯蓝", "rating": "319286", "play": "4.3", "comments": "387"}, {"name": "当年三国要是有这玩意还用打打杀杀？", "rating": "316673", "play": "15.7", "comments": "460"}, {"name": "【A-SOUL/贝拉】大贝拉生贺曲《BellaLaBella (Prod. by heydium)》happy~", "rating": "310631", "play": "6.7", "comments": "257"}, {"name": "姐妹弹唱《浪花一朵朵》", "rating": "308449", "play": "39.3", "comments": "165"}, {"name": "⚡️热爱105°C的可莉⚡️原创填词版", "rating": "305718", "play": "27.8", "comments": "301"}, {"name": "【仙贝】无 赖cover 郑中基", "rating": "289833", "play": "17", "comments": "211"}, {"name": "女团选秀综艺【Girls Planet 999】主题曲O.O.O K队舞台公开", "rating": "287367", "play": "24.8", "comments": "2699"}, {"name": "【明日方舟】热爱105°C的⚡️凯尔希⚡️", "rating": "287311", "play": "12.1", "comments": "154"}, {"name": "【A-SOUL】贝拉生贺应援曲：白 ·《天鹅》——“错过的太阳给了我星星，错过的浪漫你为我表明”", "rating": "282900", "play": "5.1", "comments": "503"}, {"name": "Cypher顶级轰炸！法老 刘聪 弹壳 谢帝 《说唱听我的》导师Cypher来袭！", "rating": "277498", "play": "11.6", "comments": "1611"}, {"name": "【崩坏3】『Moon Halo』竟然是首中文歌？", "rating": "275171", "play": "10.2", "comments": "307"}, {"name": "大司马唱歌唱到一半突然变脸，吓坏直播间所有观众！网友：看到这个鱼缸就能解释得通了", "rating": "266424", "play": "19.5", "comments": "1921"}, {"name": "【洛天依原创曲】网络锚定效应", "rating": "264134", "play": "3.6", "comments": "348"}, {"name": "【洛天依九周年生贺曲】无题—创作欲", "rating": "258140", "play": "3.2", "comments": "279"}, {"name": "人声演绎《我的世界》Minecraft主题曲【MayTree五月树】", "rating": "257013", "play": "29.3", "comments": "381"}, {"name": "韩国运镜兄妹的新作aespa《NEXT LEVEL》！哥哥单人版210710", "rating": "256829", "play": "20", "comments": "411"}, {"name": "北京城星光闪烁⭐笛声飘荡「Moon Halo」—《崩坏3》印象曲", "rating": "256733", "play": "9.8", "comments": "180"}, {"name": "女声日语版《热爱105°C的你》最甜日语填词❤️", "rating": "253340", "play": "23.8", "comments": "352"}, {"name": "醒来，去见你 | 虚拟男团WL.S首支团曲MV《crush》", "rating": "252790", "play": "11.5", "comments": "302"}, {"name": "身怀绝技的琴师们！", "rating": "249695", "play": "13.1", "comments": "838"}, {"name": "唱支Rap给党听", "rating": "244944", "play": "18.3", "comments": "611"}, {"name": "男生唱这歌绝对开口跪《明明就》 教学 周杰伦 王晗老师", "rating": "244810", "play": "14.6", "comments": "783"}, {"name": "进来洗涤灵魂！《Something Just Like This》小提琴魅力演绎", "rating": "243637", "play": "21.4", "comments": "312"}, {"name": "练练就能弹的《哆啦A梦》，当基本功练是个不错的选择（含《哆啦A梦》教学视频）", "rating": "236374", "play": "8.8", "comments": "137"}, {"name": "金色大厅交响乐演奏【热爱105℃的你】（迫真）", "rating": "235750", "play": "28.5", "comments": "548"}, {"name": "笑死，根本不会唱Weekend", "rating": "235575", "play": "17.5", "comments": "263"}, {"name": "ゆのこと (yunokoto)", "rating": "219470", "play": "4.9", "comments": "321"}, {"name": "回忆杀！九种语言版《Butter-Fly》！进化要开始了！", "rating": "217510", "play": "14.1", "comments": "359"}, {"name": "这是已经退休的妈妈该有的声音吗？？？", "rating": "216788", "play": "23.9", "comments": "309"}, {"name": "【A-SOUL翻唱】宁夏（直播剪辑）", "rating": "212930", "play": "9.1", "comments": "261"}, {"name": "莫得感情乐队《Let Her Go》(高清完整版)", "rating": "210176", "play": "28.9", "comments": "299"}, {"name": "凤凰传奇翻唱《海底》", "rating": "207783", "play": "25.9", "comments": "905"}, {"name": "【官方MV】MAD TRIGGER CREW「BAYSIDE M.T.C」Trailer", "rating": "207026", "play": "4", "comments": "1353"}, {"name": "文明6配乐也有套路？中、美、俄主题音乐各有什么特点？", "rating": "202215", "play": "9.5", "comments": "1478"}, {"name": "当年火爆网络，如今BGM一响都觉得脸红！网友：简直是精神污染！", "rating": "201547", "play": "26.5", "comments": "934"}, {"name": "【时光代理人】Keep In Mind：那些带着光的人【白鲨JAWS】", "rating": "200427", "play": "16.4", "comments": "580"}, {"name": "终于拿《千本樱》来迫害爸妈了！结果弹断手的竟是我自己！", "rating": "199667", "play": "16.7", "comments": "493"}, {"name": "【某幻】《Pluto》 现场版 小精灵蜕巡演上海站嘉宾", "rating": "198875", "play": "5.5", "comments": "286"}, {"name": "【多多poi】《Say So》英语+日语翻唱", "rating": "197392", "play": "8.4", "comments": "107"}, {"name": "于贞《盖世云缨》王者荣耀云缨英雄主题曲", "rating": "194035", "play": "6.1", "comments": "462"}, {"name": "鎖那 - tutu", "rating": "193751", "play": "9.5", "comments": "147"}, {"name": "【不跟唱挑战】凤凰传奇20首经典歌曲四个难度，你能撑到哪一级？", "rating": "191718", "play": "32.7", "comments": "4627"}, {"name": "小女孩投给街边音乐家一枚硬币，殊不知这枚硬币如门扣般，在街边扣开了音乐的大门......", "rating": "191018", "play": "23", "comments": "386"}, {"name": "翻唱Imagine Dragons梦龙《Demons》治愈梦魇良曲！", "rating": "190253", "play": "8", "comments": "74"}, {"name": "【附50种热门分支】一个视频听懂音乐风格", "rating": "189702", "play": "5.7", "comments": "3711"}, {"name": "S.H.E这程度在韩国出歌肯定也会爆火。绝美女团混剪＋韩文版《Ring Ring Ring》填词翻唱！", "rating": "188599", "play": "10.6", "comments": "293"}, {"name": "中国歌手假扮路人街头唱歌，一开口就是王炸，老外听得一愣一愣的！", "rating": "184564", "play": "16.7", "comments": "251"}, {"name": "盘点2021年全网爆火的10首古风歌曲，每首都刷屏网络，全听过的是大神！", "rating": "184510", "play": "41.5", "comments": "58"}, {"name": "“卧槽！音乐一响，多少人的青春回来了！”", "rating": "184025", "play": "30.3", "comments": "151"}, {"name": "【崩坏3】Moon Halo 演奏/解读 与自我内心的和解", "rating": "182453", "play": "6.5", "comments": "670"}, {"name": "【4K60帧】经典老歌：瑞克·埃斯利《Never Gonna Give You Up》1987 AI修复补帧版", "rating": "180269", "play": "21", "comments": "429"}, {"name": "上海bw!!! 梦幻联动 即兴大合唱!!!好听到哭!!!", "rating": "179988", "play": "8.5", "comments": "991"}, {"name": "【笑死！】假如用四川话唱《Next Level》......哈哈哈哈哈哈哈哈哈！", "rating": "177555", "play": "14", "comments": "279"}, {"name": "【A-SOUL/星图Project】《宿命》【贝拉生贺原创曲】", "rating": "176795", "play": "4.6", "comments": "216"}, {"name": "要热化了的英文版《热爱105°C的你》超甜！", "rating": "175334", "play": "18.2", "comments": "187"}, {"name": "【官方 MV】Never Gonna Give You Up - Rick Astley", "rating": "173956", "play": "24", "comments": "503"}, {"name": "当我第一次尝试唱歌...", "rating": "172754", "play": "12.3", "comments": "1519"}, {"name": "钢琴版giegie", "rating": "172554", "play": "20.5", "comments": "139"}, {"name": "【花，太阳，彩虹，你】 法老帅哥说唱", "rating": "172217", "play": "9.3", "comments": "179"}, {"name": "双倍口哨 爽感叠加 | BLACKPINK x NCT U - Whistle x Make a Wish (Birthday Song) | Mashup", "rating": "170027", "play": "6.5", "comments": "475"}, {"name": "【萨顶顶 X ilem 原创】《斩草歌》震撼合作究极上头，斩妖念诵与教主的惊喜碰撞", "rating": "169640", "play": "25.7", "comments": "378"}, {"name": "【原神拜年纪】让风告诉你", "rating": "168427", "play": "14.4", "comments": "799"}, {"name": "[威神V/WayV] KUN&amp;XIAOJUN 《夜未眠 (Sleepless)》 Live现场版", "rating": "167417", "play": "3.1", "comments": "778"}, {"name": "【手风琴】热爱105°C的你 - 阿肆", "rating": "166345", "play": "9.7", "comments": "169"}]