[{"name": "5年博主30斤家当！巨型断舍离现场！全拿走！", "rating": "1570832", "play": "63.2", "comments": "1.4万"}, {"name": "纯展示 试穿粉丝给我挑的辣妹裙…能出门吗？？？", "rating": "854323", "play": "105.2", "comments": "3万"}, {"name": "微胖女生真的能穿辣妹裙吗？不试不知道！一试...", "rating": "801448", "play": "41.8", "comments": "1万"}, {"name": "【吖是草莓啊】亚洲五官如何画出欧美超模妆3.0｜提拉立体骨相眼妆｜仙气轻欧美妆｜野生眉详细教程｜", "rating": "669050", "play": "49.2", "comments": "854"}, {"name": "太厉害了 美妆博主卸妆直接撕头皮 沉浸式卸妆", "rating": "594241", "play": "45.7", "comments": "473"}, {"name": "6万做肋骨鼻，身体被切开，却没有取肋！不能忍！教科书式维权，一定要看！", "rating": "577948", "play": "19.5", "comments": "2121"}, {"name": "普通女生如何通过穿搭改变气质？不是你没气质！而是没有选对衣服！", "rating": "528373", "play": "27", "comments": "4847"}, {"name": "【Kleiner Pixel】刻晴 原神 Cosplay妆容教程", "rating": "512316", "play": "44.5", "comments": "113"}, {"name": "女生偷偷看‼️高段位氛围感喷香｜让你闻起来清纯又高级✨", "rating": "503740", "play": "36.2", "comments": "304"}, {"name": "2D化妆vs 3D化妆 新手必看的化妆捷径！ 全面详细化妆教程分享 看完让你的妆面提升精致立体几个度！拿来吧你", "rating": "302664", "play": "14.1", "comments": "81"}, {"name": "现在的辣妹风已经发展到常人无法控制的地步了吗....", "rating": "296251", "play": "39.5", "comments": "100"}, {"name": "同一件衣服，化妆前后差距有多大？", "rating": "275390", "play": "34.9", "comments": "630"}, {"name": "沉浸式美白 | 看了就等于白了", "rating": "273195", "play": "13.1", "comments": "105"}, {"name": "【新手必看】价值3w底妆干货｜解析底妆4大误区！打造清透无暇底妆", "rating": "267495", "play": "16.5", "comments": "48"}, {"name": "夏日靓妹！不同场合穿什么？我的夏日有效穿搭指南！", "rating": "262236", "play": "15.2", "comments": "427"}, {"name": "黑黄皮雷品口红，丑到孙悟空见了直呼妖怪！吃我一棒！", "rating": "258791", "play": "17.8", "comments": "1829"}, {"name": "低至5.9的宝藏香水们！学生党快收藏！", "rating": "249274", "play": "12.4", "comments": "1254"}, {"name": "挑战男友底线的裙子，最后一条他原地爆炸！", "rating": "224535", "play": "20.2", "comments": "9"}, {"name": "蒜头鼻应该怎么拯救呢？", "rating": "220449", "play": "13.8", "comments": "37"}, {"name": "挑战一天拍出两种网红风格！有内味儿了吗？【几几变形记】", "rating": "218146", "play": "11.6", "comments": "3166"}, {"name": "这就是我的宿命吧！不装了我摊牌了！| 旭儿", "rating": "205300", "play": "21.1", "comments": "63"}, {"name": "全网狂推？就这？防走光神器红黑榜！胯宽梨型必看！安全裤！女团不走光的秘密！还有假发贴？", "rating": "189097", "play": "9.8", "comments": "557"}, {"name": "2个简单小技巧，打造氛围感微笑嘟嘟唇｜全程只需一根手指＋唇膏｜0难度适合新手", "rating": "187735", "play": "8.1", "comments": "152"}, {"name": "不愧是肯豆爱的牌子！27条Bec Bridge裙子连轴试穿，美到上头！", "rating": "186788", "play": "7.2", "comments": "881"}, {"name": "这什么滤镜妆这么好看？拿来吧你！", "rating": "175135", "play": "7.6", "comments": "680"}, {"name": "关于我就是金馆长这件事", "rating": "174999", "play": "7.4", "comments": "1136"}, {"name": "烫发翻车现场 《 法官开庭前烫发的珍贵录像》", "rating": "174311", "play": "26.6", "comments": "136"}, {"name": "沉浸式教程 头发两边角位太长 自己修顺", "rating": "169151", "play": "12.3", "comments": "48"}, {"name": "姐妹的辣妹照，你们觉得如何？", "rating": "161112", "play": "13.8", "comments": "34"}, {"name": "安踏给我寄了个神秘包裹，让我上手体验一下", "rating": "160285", "play": "10.6", "comments": "1313"}, {"name": "透明感。大眼妆。保安级教程。看。", "rating": "150033", "play": "9.6", "comments": "848"}, {"name": "【护肤流程】不懂早晚正确护肤流程？护肤品到底怎么用？暑期护肤2个月 快速完美逆袭！【无名测评】", "rating": "149582", "play": "20.2", "comments": "6"}, {"name": "震惊三观/外国女生之间超劲爆的小99 茶开了进来品", "rating": "149170", "play": "9.6", "comments": "570"}, {"name": "【无废话全程干货】13年瑕疵皮的苦心专研！妈生感无暇底妆&amp;定妆", "rating": "144971", "play": "6.8", "comments": "83"}, {"name": "【sakura】188cm/57kg 超纯欲风约会平价穿搭", "rating": "137575", "play": "8.2", "comments": "156"}, {"name": "悟了！悟了!赵露思的妈生感居然是这么来的", "rating": "134464", "play": "12.6", "comments": "52"}, {"name": "蜜桃汽水妆🍑", "rating": "133280", "play": "5.9", "comments": "248"}, {"name": "闺蜜大改造|慵懒憨憨变身初恋清纯元气少女", "rating": "132462", "play": "7.1", "comments": "363"}, {"name": "【真实案例】800度+凸眼球肿单+不会戴美瞳=也能变身耐看美女！", "rating": "130566", "play": "13.8", "comments": "379"}, {"name": "高考后如何去土变美？全网最全！新手变美入门教程！", "rating": "127025", "play": "2.9", "comments": "162"}, {"name": "240秒看中国千年婚服 极致奢华的妆发服饰「千年风尚」", "rating": "124992", "play": "13.9", "comments": "736"}, {"name": "老上海的复古头发造型也太绝了吧、搭配旗袍简直了", "rating": "124029", "play": "15.5", "comments": "62"}, {"name": "2步实操！黄黑皮逆袭美白干货，不白来找我", "rating": "122916", "play": "6", "comments": "63"}, {"name": "沉浸式口红试色 黄皮进！", "rating": "119377", "play": "5.8", "comments": "550"}, {"name": "国外断货王！好用的我日思夜想~难用的我气得不想讲！", "rating": "118731", "play": "7.1", "comments": "167"}, {"name": "短衬衫对比:2400元VS279元，区别在哪？", "rating": "116722", "play": "5.9", "comments": "1404"}, {"name": "正确清理痘痘", "rating": "115337", "play": "12.2", "comments": "12"}, {"name": "后备箱拍照指南，快带上你的姐妹get起来", "rating": "112537", "play": "6.9", "comments": "77"}, {"name": "龚俊自曝初中故事，QQ名叫阳光少年？！", "rating": "111129", "play": "5.7", "comments": "517"}, {"name": "做完这个指甲,饿了就嗦两口手指头", "rating": "109554", "play": "6.3", "comments": "72"}, {"name": "【互动测试】你的样貌是什么风格？如何突破颜值上限？｜女神进化论", "rating": "109062", "play": "6.4", "comments": "543"}, {"name": "大胸微胖，第一次尝试欧美系辣妹穿搭！结果居然…", "rating": "107712", "play": "12", "comments": "501"}, {"name": "全部200+！5双高颜值百搭小众好鞋分享\\学生党必备", "rating": "106547", "play": "6.6", "comments": "205"}, {"name": "天使的小裙子也能拍哥特风吗？白哥特永远滴神", "rating": "102071", "play": "9.1", "comments": "14"}, {"name": "丝巾绝对是氛围感神器，按这样扎头发我就不信你追不到男神！", "rating": "98411", "play": "5.8", "comments": "1"}, {"name": "华裳九州｜仙女混剪", "rating": "98062", "play": "8.4", "comments": "115"}, {"name": "发型决定颜值，这应该就是传说中的直男斩马尾", "rating": "95424", "play": "4.3", "comments": "30"}, {"name": "我不允许有人错过可爱又美丽的包包！！！【夏日包包合集】", "rating": "95143", "play": "5.5", "comments": "683"}, {"name": "挑战直男审美！还原全网最火小说女主穿搭！辣哭我了......", "rating": "95044", "play": "14", "comments": "1173"}, {"name": "0成本轻松改善嘴凸下巴后缩❓只需三招✅ 堪比整容！", "rating": "93393", "play": "5", "comments": "16"}, {"name": "【钓系美女】混血大宽双眼皮谢幕，钓系网红脸称霸娱乐圈？", "rating": "93274", "play": "20.5", "comments": "133"}, {"name": "166/125 非ban必选的梨人战衣！这4件太绝了！", "rating": "91372", "play": "13", "comments": "161"}, {"name": "尝试把太平公主的妆容平移到脸上|业余妆容、发型教程", "rating": "85621", "play": "6", "comments": "114"}, {"name": "福音啊福音", "rating": "85520", "play": "4.1", "comments": "60"}, {"name": "球鞋脏了怎么洗？教你4个洗鞋小妙招！", "rating": "84575", "play": "4.6", "comments": "16"}, {"name": "一秒穿越", "rating": "84572", "play": "3.9", "comments": "76"}, {"name": "想 穿 我 就 穿 了！", "rating": "84450", "play": "8.4", "comments": "331"}, {"name": "25块2大斤！脱毛嫩肤去角质！超丑但超好用的美妆神器！", "rating": "84171", "play": "3.2", "comments": "32"}, {"name": "平价小众神仙包包！背出去你都不带撞款的", "rating": "83701", "play": "4.4", "comments": "85"}, {"name": "复古女孩的Hot Girl Summer", "rating": "82065", "play": "3.9", "comments": "75"}, {"name": "［方脸梨型脸变美全攻略上篇］发型妆容穿搭上镜表情管理", "rating": "81036", "play": "3.5", "comments": "178"}, {"name": "几百块的AP皇家橡树？平价卡西欧神表农家铁树分享", "rating": "80100", "play": "4.7", "comments": "409"}, {"name": "胖圆脸普通人逆袭萌妹的秘密—“兔系长相”，学会立刻重回16岁！", "rating": "79448", "play": "6.2", "comments": "101"}, {"name": "长得高也有烦恼？185以上都来报道！", "rating": "78423", "play": "4.1", "comments": "432"}, {"name": "花西子同心锁修复", "rating": "77909", "play": "7.9", "comments": "22"}, {"name": "浓颜系 | 纯御黑发红唇", "rating": "77617", "play": "12.1", "comments": "54"}, {"name": "精致的男人应该如何粗暴的护肤？", "rating": "76788", "play": "7", "comments": "165"}, {"name": "4个平价美白小技巧 | 黄皮的快乐来了", "rating": "75822", "play": "6.3", "comments": "22"}, {"name": "Y2K复古辣妹截断式 /夏日薄荷绿冰块甜橙眼妆 /磁带眼影盘新品试色", "rating": "75677", "play": "3.9", "comments": "46"}, {"name": "和纸片人穿情侣装？和五个男人恋爱到上头是一种什么样的体验！", "rating": "73663", "play": "5.8", "comments": "360"}, {"name": "162cm 14件神仙黄色系连衣裙分享｜48-183元｜🌞夏日出游穿搭/明媚元气有活力｜平价有质感/通勤休闲/显高显瘦｜风格多变上班上学皆可｜学生党｜旅游穿搭", "rating": "73079", "play": "3.3", "comments": "264"}, {"name": "在拼夕夕上狂买...也就这几样最好用！", "rating": "71742", "play": "3", "comments": "148"}, {"name": "新手大地色眼妆基础晕染教程｜仔细且耐心", "rating": "71494", "play": "5", "comments": "19"}, {"name": "【豆豆】YSL口红黑化了？精准狙击审美点｜低饱和度才是高级", "rating": "70886", "play": "3.6", "comments": "346"}, {"name": "这 该 死 的 优 雅 高 级 感！!", "rating": "70326", "play": "5.1", "comments": "30"}, {"name": "帽子要怎么戴才好看？｜不同类型帽子搭配经验分享【干货视频】", "rating": "70230", "play": "4.2", "comments": "105"}, {"name": "汉服｜云想衣裳花想容", "rating": "69539", "play": "2.9", "comments": "89"}, {"name": "前几年瞧不上的簪子，随着心境的变化，又会觉得她很是雅致古韵", "rating": "68900", "play": "8.9", "comments": "19"}, {"name": "绝了！这是什么神仙品牌！“她从海洋深处走来”", "rating": "68639", "play": "2.3", "comments": "102"}, {"name": "美妆博主拍完视频都在干嘛？｜沉浸式护肤｜继续拍 一直拍", "rating": "68430", "play": "4.7", "comments": "67"}, {"name": "原相机换头 单眼皮妆容分享", "rating": "68396", "play": "4.5", "comments": "104"}, {"name": "160 110 ｜肉感辣妹yyds  谁说微胖不能当辣妹！", "rating": "68017", "play": "8.3", "comments": "47"}, {"name": "小姐姐的翻车现场", "rating": "66323", "play": "4.6", "comments": "7"}, {"name": "你们是不是很久没有看我测她家了！因为我觉得之前…体验感不太🉑️！感觉她家又变好～🔗YUQI刘妤淇", "rating": "65770", "play": "4.7", "comments": "6"}, {"name": "暑假变美！保姆级化妆入门！最简单的步骤最少的化妆品变美！从戴美瞳到涂口红全覆盖｜日常妆学生党平价彩妆", "rating": "65716", "play": "2.4", "comments": "96"}, {"name": "穿了这么多年衣服，这4个冷知识竟然都不知道！", "rating": "65305", "play": "11.5", "comments": "20"}, {"name": "不就是一块石头！为什么这么贵？拼夕夕同款平替火山石吸油滚珠测评分享。", "rating": "64833", "play": "5.6", "comments": "54"}, {"name": "威神V主舞🐈拿去吧你！李永钦泰兰德野玫瑰TEN仿妆🌹", "rating": "64704", "play": "2.7", "comments": "513"}, {"name": "All black！全员黑色单品，可甜可酷自由切换", "rating": "64478", "play": "3", "comments": "387"}, {"name": "点开视频还以为是什么新滤镜，拆鼻子的那一刻看傻了...", "rating": "64364", "play": "12.3", "comments": "25"}]