[{"name": "三句话，哆啦A梦打了我十八拳", "rating": "2213499", "play": "253.1", "comments": "1750"}, {"name": "【明日方舟自制动画】最后的 进军", "rating": "1829446", "play": "37.3", "comments": "1561"}, {"name": "手绘327张！让五条悟动起来", "rating": "1731375", "play": "90.2", "comments": "1581"}, {"name": "炎律诞生！姬子告别？带你看薪炎律者的崛起之路！「崩坏3剧情讲堂#09」", "rating": "1607513", "play": "69.5", "comments": "5242"}, {"name": "当 代 学 生 暑 假 现 状", "rating": "1335451", "play": "100.6", "comments": "3212"}, {"name": "他们将用10秒夺走你的______", "rating": "1113669", "play": "51.6", "comments": "745"}, {"name": "“你那也能叫领域展开？！”", "rating": "983758", "play": "43.5", "comments": "582"}, {"name": "【Warma沃玛/动画】Enchanted Warma（enchanted love改）", "rating": "980641", "play": "35.1", "comments": "377"}, {"name": "【原神】 造  本  后 遗  症 📚 ！", "rating": "973106", "play": "59.5", "comments": "207"}, {"name": "坏 女 人  ！", "rating": "971875", "play": "50.3", "comments": "857"}, {"name": "自制cg短片致敬《鬼灭之刃》", "rating": "922793", "play": "50.3", "comments": "929"}, {"name": "(原神)剑收被踩", "rating": "892928", "play": "77.5", "comments": "846"}, {"name": "【特利迦奥特曼开播吐槽】大古熬成汤！剑悟炼成钢！", "rating": "863220", "play": "43.8", "comments": "3166"}, {"name": "大型连续剧之《等神里》大结局？！", "rating": "839197", "play": "41.7", "comments": "616"}, {"name": "曹操：总有孔明想害我！", "rating": "809708", "play": "47.2", "comments": "3625"}, {"name": "小 林 家 的 坏 女 人", "rating": "793532", "play": "63.1", "comments": "248"}, {"name": "【上海偶像】一位说上海话的唐可可发来组队邀请", "rating": "792684", "play": "62", "comments": "486"}, {"name": "你不用笑，你进化后也这样", "rating": "774640", "play": "39.6", "comments": "1528"}, {"name": "微笑面对危险？《特利迦奥特曼》正式开播！第一集《光之继承者》", "rating": "755343", "play": "72.7", "comments": "9746"}, {"name": "《崩坏3》动画短片「薪炎永燃」", "rating": "754872", "play": "53.7", "comments": "5688"}, {"name": "神 威 难 掩 血 与 泪 ！火影微电影《面具》", "rating": "752480", "play": "37.3", "comments": "1415"}, {"name": "⚠️ 原创剧情短片《未婚妻》【VIVINOS】", "rating": "750442", "play": "25.1", "comments": "1069"}, {"name": "勇 敢 困 难 不 怕 牛 牛", "rating": "737133", "play": "49.3", "comments": "1017"}, {"name": "暑 假 工 内 卷 现 状", "rating": "695137", "play": "67", "comments": "1893"}, {"name": "《当 代 神 仙 内 卷 现 状》", "rating": "663549", "play": "50", "comments": "565"}, {"name": "把我看哭的神回，最优秀的一集！天灾的完美退场！莲的演技大爆发！时隔十年的精神致敬？【Who说特摄】最速吐槽&amp;深度解析《假面骑士Saber》第43集", "rating": "628605", "play": "43.4", "comments": "6060"}, {"name": "【内鬼对线】劳资今天必把打小报告的干碎!!!", "rating": "602245", "play": "45.3", "comments": "399"}, {"name": "以为冲破了种种难关，最后才发现没那么简单", "rating": "601567", "play": "118.5", "comments": "69"}, {"name": "【Minecraft动画】蜘蛛小姐姐要亲上去啦~", "rating": "600304", "play": "29.4", "comments": "236"}, {"name": "\"永 久 封 闭 的 门\"", "rating": "597113", "play": "33", "comments": "441"}, {"name": "火柴人 VS 我的世界 史诗时刻系列 第一集", "rating": "589165", "play": "34.6", "comments": "2442"}, {"name": "前方超帅！这大概是你今天看过最爽的视频！", "rating": "567142", "play": "34.3", "comments": "767"}, {"name": "【动画】都市传说 警笛头战（完整版）", "rating": "565368", "play": "24.9", "comments": "1288"}, {"name": "草", "rating": "540557", "play": "29.8", "comments": "2458"}, {"name": "【原神小动画】你这刀鞘送吗？", "rating": "534610", "play": "41.5", "comments": "318"}, {"name": "二十多岁知道自己有多弱很重要", "rating": "533453", "play": "20.5", "comments": "415"}, {"name": "三句话让JOJO打了我十八万拳", "rating": "533415", "play": "27.6", "comments": "194"}, {"name": "白 嫖 党 VS 三 连 党", "rating": "513494", "play": "27.7", "comments": "1078"}, {"name": "毕业动画作品《熊出没》，被学校安排去了电子厂上班！~", "rating": "507892", "play": "57.1", "comments": "1120"}, {"name": "2021届清华美院动画毕设 |《万华镜》——百年党庆，献礼中华五十六个民族", "rating": "506838", "play": "23.3", "comments": "799"}, {"name": "我就是要填非常简单！", "rating": "493661", "play": "31.3", "comments": "405"}, {"name": "帅到炸裂！神仙配合千鸟贯体！博人觉醒大筒木人柱力！", "rating": "491245", "play": "39.2", "comments": "917"}, {"name": "8岁那年，我期末考试考了0分，我爹去了家长会！", "rating": "479442", "play": "72", "comments": "95"}, {"name": "【瑞克与莫蒂】#148第五季第四集“要打脸”不完美预测", "rating": "475836", "play": "35.7", "comments": "1365"}, {"name": "【一个魂儿】奋起吧！！超进化少女们仍未知道那天阿草被支配的恐惧！！！【直播】", "rating": "470361", "play": "18.1", "comments": "2644"}, {"name": "你用过耳塞吗", "rating": "439820", "play": "50.6", "comments": "37"}, {"name": "《原神》万叶手书「可叹叶飘零，归期未有期」", "rating": "439362", "play": "18.1", "comments": "489"}, {"name": "【等神里】完结主题曲！！", "rating": "431458", "play": "22.1", "comments": "264"}, {"name": "《一拳超人》第三季 56.杰诺斯牙咬龙卷显气魄，地表最强威猛震群魔！！黄金精子它还有终极形态！", "rating": "423721", "play": "24.4", "comments": "3007"}, {"name": "【有栖Mana】新衣服！傲娇萝莉狐骂人！【新衣回】", "rating": "421677", "play": "23.8", "comments": "1076"}, {"name": "建议改成：肌 肉 钟 轮", "rating": "406184", "play": "22.6", "comments": "338"}, {"name": "【SDARK】苍天之剑！舞降上海！万代 1/100 FM 自由高达 Ver. GCP【《机动战士高达SEED》上海立像 高达模型刻线喷涂加灯改造制作分享】", "rating": "405801", "play": "19.4", "comments": "942"}, {"name": "八 门 遁 甲 大 表 哥 ！ ？", "rating": "402015", "play": "43.1", "comments": "482"}, {"name": "【动画】Dream 极限追杀 二阶段 完整版！", "rating": "396093", "play": "32.4", "comments": "348"}, {"name": "三句话让嘉然小姐麻了18秒", "rating": "375050", "play": "29.8", "comments": "206"}, {"name": "“𝙏𝙤𝙠𝙮𝙤 𝙞𝙣 𝙩𝙝𝙚 𝙧𝙖𝙞𝙣”", "rating": "371608", "play": "12.2", "comments": "351"}, {"name": "腰带？拿来吧你~", "rating": "361810", "play": "30.6", "comments": "318"}, {"name": "【原神】我什么都做不到.jpg", "rating": "359505", "play": "25.8", "comments": "175"}, {"name": "【阿旺】海贼中神秘的革命军大起底！路飞他爹为啥这么吊？", "rating": "351570", "play": "17.4", "comments": "1485"}, {"name": "家长会也拖堂？学生各出奇招，不料场面直接失控！", "rating": "351517", "play": "60.3", "comments": "14"}, {"name": "【特效变身】帝皇铠甲 合体！", "rating": "348901", "play": "17.6", "comments": "521"}, {"name": "【时光代理人】当乔苓在群里发creeper会怎么样？（第一季完结纪念）", "rating": "347382", "play": "21.7", "comments": "1135"}, {"name": "警察：你的猫要统治世界？", "rating": "333931", "play": "21.2", "comments": "467"}, {"name": "【封号斗罗】好想和哔哩哔哩结婚啊！", "rating": "327958", "play": "19", "comments": "283"}, {"name": "当你觉得他没那么喜欢你时", "rating": "319376", "play": "20.6", "comments": "421"}, {"name": "全 息 手 办", "rating": "306320", "play": "21.1", "comments": "193"}, {"name": "马可：变成苹果了怎么办，急，在线等！", "rating": "303558", "play": "30.7", "comments": "27"}, {"name": "【羽澄照乌愈】因为不想抛弃中国粉丝所以放弃了成为企业势Vtuber", "rating": "301341", "play": "14.2", "comments": "69"}, {"name": "等  神  里 💰", "rating": "300417", "play": "20.7", "comments": "380"}, {"name": "当老婆夸别的男人帅时…… | 原创动画 | 我的爸爸是条龙哦", "rating": "299490", "play": "20.3", "comments": "138"}, {"name": "【明日方舟/手书】你今天在学校学到了什么", "rating": "295000", "play": "11.9", "comments": "86"}, {"name": "老爹：\"你放心！这绝对不是武器！\"【动物篇10集】", "rating": "288297", "play": "14.6", "comments": "499"}, {"name": "父子对决，再无童年", "rating": "284369", "play": "124.7", "comments": "16"}, {"name": "老爹挖坑埋了自己！", "rating": "283766", "play": "20.2", "comments": "1185"}, {"name": "假面骑士-时达【TD25定格动画】", "rating": "283182", "play": "25.6", "comments": "99"}, {"name": "假如身处末世，什么能保护你呢？", "rating": "279431", "play": "19.5", "comments": "191"}, {"name": "十二首血洗B站的动漫神曲！唤醒你的中二灵魂！！！", "rating": "277673", "play": "18.5", "comments": "1055"}, {"name": "恶周期女装的入间！性取向什么的完全不是问题对吧 我懂了嘉莉！【入间同学入魔了恶斗露篇#6】", "rating": "277453", "play": "16.4", "comments": "404"}, {"name": "他征服了萝莉女武神，亲手弑了大力神，却遭到人类的厌恶，可悲么？", "rating": "275144", "play": "27.8", "comments": "9"}, {"name": "白毛？女装？骚话王？我从来没见过这么优秀的老师！【五条悟】", "rating": "273280", "play": "19.2", "comments": "1182"}, {"name": "罗德岛失恋阵线联盟【方舟剧场】", "rating": "272993", "play": "9.2", "comments": "323"}, {"name": "请看好！属于我们的变身！", "rating": "271371", "play": "18.7", "comments": "541"}, {"name": "【原神】自制番剧《丘神》第九集——“战斗之下的意义\"", "rating": "269096", "play": "12.1", "comments": "527"}, {"name": "精通写字的女偶像：两个字，让我自信放光芒【直播剪辑】", "rating": "267246", "play": "10.8", "comments": "412"}, {"name": "每部评分9.9？！这家动画公司为何这么牛逼？扳机社十周年纪念简史【新番龙门阵11】", "rating": "261647", "play": "10.2", "comments": "1194"}, {"name": "一 路 向 佐！", "rating": "258997", "play": "21.4", "comments": "661"}, {"name": "【电光机王/MAD】因为你说话时身体微微前倾，所以我选择比平时更近你一步", "rating": "258658", "play": "9.6", "comments": "104"}, {"name": "初音公式服/假发真的太难理了orz/", "rating": "255202", "play": "39.3", "comments": "79"}, {"name": "那你俩挺能唠", "rating": "252669", "play": "16.2", "comments": "149"}, {"name": "好怪，再看一眼", "rating": "250087", "play": "12.5", "comments": "1016"}, {"name": "【洛天依】无暇纯净的宝物【洛天依九周年】", "rating": "240408", "play": "5", "comments": "97"}, {"name": "【转生成蜘蛛又怎样】一口气看完成神后蜘蛛子的艰苦日子【阿伟马克兔】", "rating": "240022", "play": "12.7", "comments": "784"}, {"name": "【电锯人X龙女仆】小林我啊……可是很强的！", "rating": "238077", "play": "15.4", "comments": "169"}, {"name": "海军王之海军三大将", "rating": "237027", "play": "18.8", "comments": "244"}, {"name": "用特效变成“带土和卡卡西”", "rating": "236327", "play": "34.9", "comments": "64"}, {"name": "【明日方舟】太冷？找霜星咩！", "rating": "232322", "play": "10.3", "comments": "199"}, {"name": "柯南那些暴露身份的瞬间！服部表示：“要怪就怪大叔吧。”", "rating": "231114", "play": "72.1", "comments": "1"}, {"name": "【小林家的龙女仆S】 迷你龙小剧场 #1", "rating": "230296", "play": "65.4", "comments": "411"}, {"name": "JO  宝  特  攻", "rating": "229789", "play": "14.5", "comments": "210"}, {"name": "程咬金遇上暴力快递（我说是程咬金就是程咬金凸^-^凸）", "rating": "228926", "play": "21.6", "comments": "190"}]