[{"name": "【刘耀文】最帅男高版《甜秘密&amp;恶之必要》舞台超丝滑直拍", "rating": "1123686", "play": "54.1", "comments": "3.1万"}, {"name": "血槽已空！这是不花钱就能看的吗？ 宋亚轩翻跳泰民《criminal》", "rating": "969758", "play": "132", "comments": "6.1万"}, {"name": "三  国  猛  男  杀", "rating": "760472", "play": "57.7", "comments": "1147"}, {"name": "【贺峻霖】杀疯了！现场突发事故衣服炸开？处变不惊的模范处理 时代少年团贺峻霖翻跳李泰民《criminal》四机位focus", "rating": "654931", "play": "52.8", "comments": "2.1万"}, {"name": "【小仙若】再回眸❤敢问公子可永远", "rating": "582060", "play": "29.3", "comments": "1086"}, {"name": "【三大运营商】梦幻联动！新宝岛 5G还原版！", "rating": "574229", "play": "54", "comments": "1657"}, {"name": "好活！防道少女团经典复刻《成吉思汗》呼！哈！呼！哈！", "rating": "497159", "play": "24.9", "comments": "632"}, {"name": "原 来 画 中 仙 女 长 这 样", "rating": "452921", "play": "18.8", "comments": "382"}, {"name": "【刘隽编舞】恶人是我", "rating": "413168", "play": "21.3", "comments": "1575"}, {"name": "【严浩翔】人间塞壬引诱 神级打歌舞台拉你坠入血色爱情| 甜秘密&amp;恶之必要直拍", "rating": "394299", "play": "35.4", "comments": "7140"}, {"name": "丝滑换装！你的12个JK女友❤", "rating": "358282", "play": "13.4", "comments": "128"}, {"name": "【WNS中字】210713 4K [CHOREOGRAPHY] BTS (防弹少年团) 'Permission to Dance' Dance Practice", "rating": "349423", "play": "9.2", "comments": "2936"}, {"name": "我 向 往 跳 舞！姐 就 是 B W 的 舞 池 女 王！", "rating": "271653", "play": "15.8", "comments": "585"}, {"name": "大师兄，咱们小师妹回来了！【甜糯笛子舞-初梦谣】", "rating": "268556", "play": "8.1", "comments": "221"}, {"name": "【4K 60FPS】迈克尔杰克逊 史上第一支现代MV《Thriller》 （颤栗）中英字幕完整版", "rating": "266862", "play": "14", "comments": "1087"}, {"name": "你的夏日水蜜桃 SO CRAZY牛仔裤 摇摆起来~", "rating": "265582", "play": "10.9", "comments": "46"}, {"name": "龚俊《Sweet》欢乐燃脂舞山人继续团建啦！！！减脂尊巴减肥操健身操有氧运动", "rating": "253308", "play": "10.9", "comments": "645"}, {"name": "舞蹈区还缺人吗", "rating": "250485", "play": "23", "comments": "99"}, {"name": "【猛男版】新 宝 岛", "rating": "250293", "play": "41.4", "comments": "1743"}, {"name": "是夏日里会心动的女同学呀！ 💙shake it💙", "rating": "250267", "play": "10.8", "comments": "186"}, {"name": "公子，是你在叫我吗？【再回眸】", "rating": "233096", "play": "14.6", "comments": "74"}, {"name": "今天天气不错，来整个活～", "rating": "222291", "play": "15", "comments": "145"}, {"name": "B站百万运镜！南韩郭麒麟《aespa - Next Level》完整舞蹈翻跳视频公开！", "rating": "214146", "play": "13.3", "comments": "346"}, {"name": "【力丸Rikimaru丨编舞作品】油管5000w播放量神作！Abusadamente-1M版 中葡字幕", "rating": "199474", "play": "1.6", "comments": "2231"}, {"name": "【严浩翔】惊！夺命25秒男孩病娇唱跳 震撼内娱舞台丨甜秘密&amp;恶之必要 三机位直拍Focus", "rating": "197257", "play": "5.4", "comments": "1819"}, {"name": "【舞小喵】【上海bw2021】次元舞台拍摄4K竖屏", "rating": "194099", "play": "11", "comments": "56"}, {"name": "开盲盒？三胞胎跳魔性哈舞-橘子焦糖《Catallena》", "rating": "189114", "play": "20.5", "comments": "93"}, {"name": "某银行人下班都在干什么", "rating": "182074", "play": "28.8", "comments": "174"}, {"name": "【时光代理人】十秒后你的硬币就变成我的了！", "rating": "177784", "play": "11", "comments": "96"}, {"name": "热爱105°C的你～✨ 这不比招生简章好用？", "rating": "172936", "play": "19.4", "comments": "76"}, {"name": "【咬人猫x咬人喵】胭 脂❤️我的姐姐不可能这么撩人！国风单曲！", "rating": "168993", "play": "13.3", "comments": "138"}, {"name": "她太会了！难以抵御的过膝袜勒肉 丝滑换装~沉浸式竖屏", "rating": "162979", "play": "5.9", "comments": "22"}, {"name": "【OPPO 专供】❤️与梦盛开❤️ 绿厂高校联盟", "rating": "162248", "play": "15.8", "comments": "138"}, {"name": "【舞小喵】【More】 K/DA【BW2021】上海", "rating": "161626", "play": "14.4", "comments": "74"}, {"name": "不 心 动 挑 战 ， 你成功了吗？Dolphin【叶子】", "rating": "161309", "play": "4.4", "comments": "157"}, {"name": "这是我酝酿了3年才创作出的作品，竟然被骂抄袭跟风？", "rating": "161027", "play": "17", "comments": "136"}, {"name": "时光代理人OP原版编舞来了！Dive Back in Time【Figo】", "rating": "159206", "play": "12.8", "comments": "260"}, {"name": "【严浩翔】严浩翔夺命二十五秒", "rating": "158055", "play": "17.2", "comments": "2277"}, {"name": "62套洛天依形象的万元呕心沥作！这么多的天依，你喜欢哪个？❤想变得可爱❤【洛天依九周年生贺 】凡茄酱", "rating": "151949", "play": "3.7", "comments": "208"}, {"name": "🐊郑智化—「星星点灯」", "rating": "139875", "play": "9.3", "comments": "214"}, {"name": "环太平洋早期视频", "rating": "138994", "play": "17", "comments": "593"}, {"name": "明月几时有？舞动起带钢丝的披帛 ❀ 世界没有下次一定", "rating": "135728", "play": "4.9", "comments": "124"}, {"name": "【睢南】竖屏直拍Miss A-hush 细高跟克我", "rating": "135034", "play": "6.4", "comments": "19"}, {"name": "期末在学校活动室整活，惨遭闺蜜白眼“?”", "rating": "134340", "play": "4.3", "comments": "49"}, {"name": "【BW2021】进来，和近百位UP主一起跳舞！", "rating": "131395", "play": "6.6", "comments": "2343"}, {"name": "你们说，这个身段儿适不适合穿旗袍？✿桃花笑✿", "rating": "128753", "play": "12.4", "comments": "35"}, {"name": "【Faira】《勾指起誓》❤️洛天依9周年, BML-VR服装", "rating": "128469", "play": "3.8", "comments": "92"}, {"name": "151104 (Bestie)-DAHYE 多惠-Love Emotion(Fancam)", "rating": "128420", "play": "3.8", "comments": "14"}, {"name": "【秀曲串烧】8分钟16首中日韩男女选秀主题曲翻跳串烧!|有没有你心爱的主题曲呢~", "rating": "127523", "play": "6.2", "comments": "8854"}, {"name": "【啊垚耶】学了三年街舞到底改变了啥", "rating": "125273", "play": "11.1", "comments": "176"}, {"name": "心脏骤停 | 在bw上跳《时光代理人》的op和ed会发生什么？", "rating": "122686", "play": "7", "comments": "118"}, {"name": "凌晨街上妹妹跳新宝岛，最还原版本！！！！！！", "rating": "121165", "play": "6.2", "comments": "289"}, {"name": "想与你「风月」缠绵~", "rating": "119343", "play": "3.6", "comments": "40"}, {"name": "【ASAP】无拉腿 ✨女孩的夏天，就像水果碗里加冰块雪碧 | STAYC锄地舞 | 3套换装", "rating": "117907", "play": "4.1", "comments": "22"}, {"name": "文 化 自 信", "rating": "117470", "play": "10", "comments": "293"}, {"name": "运镜神走位的神仙妹妹", "rating": "116491", "play": "14.3", "comments": "201"}, {"name": "EXO边伯贤Addicted练习室公开！", "rating": "116235", "play": "4.4", "comments": "116"}, {"name": "今天是元气满满的麻花辫町枝！【投稿一周年！】", "rating": "115767", "play": "5.1", "comments": "244"}, {"name": "好 活 共 赏 !!", "rating": "115018", "play": "7.2", "comments": "219"}, {"name": "【孝曦曦】T-ara《Sexy Love》｜皇冠团舞蹈系列｜全曲翻跳第238作", "rating": "113226", "play": "2.7", "comments": "110"}, {"name": "【伊小兔】花月成双 | 旗袍飘飘绰约多姿 是谁家的姑娘？", "rating": "112418", "play": "3", "comments": "50"}, {"name": "穿上泠鸢同款，连跳舞都变得可爱了【青春不却步】", "rating": "108830", "play": "4.3", "comments": "176"}, {"name": "【贺峻霖】衣服都能跳开的舞台是有多炸裂？时代少年团贺峻霖翻跳泰民前辈CRIMINAL四机位舞台直拍", "rating": "107700", "play": "5.1", "comments": "1612"}, {"name": "高甜预警💗【热爱105℃的你 】", "rating": "102758", "play": "5.7", "comments": "157"}, {"name": "言和0711生日贺☆恐高症【原创编舞/粽子淞】", "rating": "101459", "play": "4.1", "comments": "30"}, {"name": "天热了，官人进来坐坐么？❀浪人琵琶", "rating": "100130", "play": "3.3", "comments": "173"}, {"name": "莫邪：只要我不尴尬，尴尬的就是别人", "rating": "98697", "play": "12.7", "comments": "16"}, {"name": "【不婼】笑纳❀第一次出有人的外景ww", "rating": "98391", "play": "4.2", "comments": "100"}, {"name": "【一只小仙若】大喜-BW2021", "rating": "94658", "play": "7", "comments": "21"}, {"name": "【寄明月】明日方舟逍遥年cos翻跳～16岁初投稿", "rating": "85836", "play": "4", "comments": "37"}, {"name": "【剑网3】你和喵姐の一千零一夜，你会对神灯你会许什么愿？", "rating": "84734", "play": "2.7", "comments": "186"}, {"name": "【菜菜】快乐合成器（死宅努力动起来。【CCG舞蹈大赛】", "rating": "84621", "play": "10.1", "comments": "49"}, {"name": "hiphop入门跟练day1:从基本律动开始练起💪", "rating": "84260", "play": "8.6", "comments": "8"}, {"name": "【舞蹈生的日常】天然软的舞蹈生耗腿就像不是自己的腿", "rating": "84072", "play": "11.2", "comments": "16"}, {"name": "怎么可以这么撩？钓系弟弟手上的丝带让我来解开！17岁高中生翻跳泰民前辈Criminal【宋亚轩】", "rating": "83697", "play": "2.5", "comments": "368"}, {"name": "【印度古典舞】Shiva thandavam湿婆的坦达瓦灭世之舞", "rating": "83497", "play": "10.5", "comments": "297"}, {"name": "在BW自由舞台社死唱跳新宝岛＋盲盒三哈", "rating": "83313", "play": "2.9", "comments": "287"}, {"name": "B W 现 场 万 人 开 盲 盒", "rating": "83298", "play": "6.4", "comments": "155"}, {"name": "热死在1005度🔥的舞蹈室", "rating": "81500", "play": "4.6", "comments": "50"}, {"name": "【AA】Jazz基本功|保姆级入门零基础|胯部基本功|第四期自学纯跟练", "rating": "79696", "play": "3.9", "comments": "4"}, {"name": "【bw】2021上海漫展 舞小喵and宵鱼鱼 双倍快乐！", "rating": "78224", "play": "5", "comments": "5"}, {"name": "【佳衣】广州105度中暑少女的甜美吖《热爱105°c的你》", "rating": "76325", "play": "2.3", "comments": "42"}, {"name": "翻跳｜女生翻跳威神V -《秘境Kick Back》综合位翻跳", "rating": "76255", "play": "4.7", "comments": "27"}, {"name": "【小熊酱】公司有这样的秘书小姐姐，你会几点上班？［Thumbs Up］", "rating": "76150", "play": "2.1", "comments": "12"}, {"name": "山有木兮木有枝❀心悦君兮君不知《怎叹》中国风爵士编舞4K完整版", "rating": "75059", "play": "4.2", "comments": "30"}, {"name": "学姐处女作！《热爱105℃的你》！卷起来！", "rating": "75029", "play": "7.4", "comments": "88"}, {"name": "骨雕加持！绝世腰姬！超魅惑五毒《陨焰》来袭【清清×9号艺术区】", "rating": "74530", "play": "5.5", "comments": "28"}, {"name": "【米兜】竖屏与你更近～nobody", "rating": "73479", "play": "1.6", "comments": "15"}, {"name": "快艾特你的好兄弟来开这个盲盒！猛男+美女组合！", "rating": "73196", "play": "4", "comments": "185"}, {"name": "我的第一支舞蹈视频 ｜ 梦境穿越到80年代的舞厅，和广场舞阿姨们共舞一曲 ｜ 踢踏舞初体验", "rating": "72839", "play": "4.8", "comments": "50"}, {"name": "好 耶", "rating": "72349", "play": "9.4", "comments": "66"}, {"name": "一个吃播up的渣翻跳 aespa-next level", "rating": "71431", "play": "4.7", "comments": "119"}, {"name": "【卿斗酱】近距离撸猫❤️学猫叫❤️", "rating": "71288", "play": "2", "comments": "15"}, {"name": "【窝窝头】一花依世界❀竖屏❀粉白互补，折扇起舞~", "rating": "70225", "play": "2.8", "comments": "13"}, {"name": "【唐诗逸x萨顶顶】舞若游龙，音如天籁，国家队神仙演绎！", "rating": "69242", "play": "6.6", "comments": "72"}, {"name": "学会这支舞，包你追回TA！彭昱畅版《失恋阵线联盟》", "rating": "68471", "play": "9.1", "comments": "109"}, {"name": "高跟旗袍❀一想到你我就……", "rating": "68416", "play": "1.4", "comments": "24"}, {"name": "欢迎来到少儿频道~皮卡丘夏日摇！shake it~【紫叶】", "rating": "68110", "play": "2.4", "comments": "183"}, {"name": "【招行特供】&nbsp;❤ 挑战全网最甜书记舞 ❤", "rating": "67918", "play": "8.7", "comments": "129"}, {"name": "屈臣氏丨楼下保安《热爱105℃的你》超甜翻跳", "rating": "67871", "play": "10.2", "comments": "175"}]